{
    "iterations": 538,
    "learning_rate": 0.043139795651099266,
    "depth": 9,
    "l2_leaf_reg": 2.158927015190441,
    "random_seed": 42,
    "verbose": false,
    "auto_class_weights": "Balanced",
    "cat_features": [
        3,
        4,
        5,
        6,
        7,
        8,
        9
    ]
}