{
    "AUC": 0.9979623078145442,
    "AUC-PR": 0.9985313724545094,
    "Sensitivity": 0.9958395411647759,
    "Specificity": 0.9000233613112847,
    "Precision": 0.9088100384852236,
    "F1": 0.9503255261049546,
    "ECE": 0.042190705956796117,
    "MCE": 0.990079731641796,
    "Brier": 0.015854835473916785,
    "LogLoss": 0.0627299791262634
}