{
    "n_estimators": 1000,
    "max_depth": 20,
    "learning_rate": 0.0063163702291310995,
    "subsample": 0.592689818874548,
    "colsample_bytree": 0.5035094509986247,
    "reg_alpha": 3.3629726885973863,
    "reg_lambda": 7.853598473816482,
    "num_leaves": 548,
    "min_child_samples": 57,
    "min_child_weight": 8.486552576683524,
    "class_weight": "balanced",
    "random_state": 42,
    "boosting_type": "gbdt",
    "objective": "binary",
    "metric": "binary_logloss",
    "is_unbalance": true
}