{
    "imbalance_strategy": "both",
    "threshold_strategy": "lower_threshold",
    "n_estimators": 1019,
    "learning_rate": 0.01494790929355839,
    "max_depth": 9,
    "num_leaves": 254,
    "min_child_samples": 6,
    "min_child_weight": 0.02056748494360747,
    "reg_alpha": 0.22750547238952534,
    "reg_lambda": 0.23009446116799384,
    "subsample": 0.8437875806452616,
    "colsample_bytree": 0.5065621904202006,
    "subsample_freq": 5,
    "boosting_type": "dart",
    "objective": "binary",
    "max_bin": 325,
    "scale_pos_weight": 26.91417592775049,
    "drop_rate": 0.48231726935271013,
    "classification_threshold": 0.18564905016697303,
    "random_state": 42,
    "verbose": -1,
    "class_weight": "balanced"
}