{
    "Accuracy": 0.9348271923296217,
    "Sensitivity": 0.524693374713967,
    "Specificity": 0.9113365681517424,
    "Precision": 0.14246866108214923,
    "NPV": 0.9880439980870397,
    "F1 Score": 0.2240905763919022,
    "Youden's Index": 0.4360299428657095,
    "Cohen's Kappa": 0.20156439546077676,
    "AUC-ROC": 0.7706785938739253,
    "AUC-PR": 0.22239335726009848,
    "Log Loss": 0.20203676065316958,
    "Brier": 0.055488801854175845,
    "ECE": 0.12059894942782713,
    "MCE": 0.6363621493100876
}