{
    "Intercept": 2.433448897289603,
    "Employment": 0.9623558149272782,
    "Gender": -0.9457583153155974,
    "Smoke": -0.9029423621771814,
    "Education": -0.6379430408770891,
    "Alcohol": -0.50445776626001,
    "DII_food": 0.2265410012327971,
    "ActivityLevel": -0.2164415355166178,
    "Marriage": 0.12790262186937618,
    "Age": 0.029802758740056667,
    "BMI": 0.019068154590789
}