{
    "Intercept": 2.0838454955279726,
    "Employment": 0.9924527524015643,
    "Gender": -0.9593325857775822,
    "Smoke": -0.8959548160040558,
    "Education": -0.6311979243060541,
    "Alcohol": -0.49657532134431837,
    "DII_food": 0.22289241096082177,
    "ActivityLevel": -0.2079849119173853,
    "Marriage": 0.10307364901196979,
    "Age": 0.029964487756595385,
    "BMI": 0.01821292429965896
}