{
    "Intercept": 2.4833948865667996,
    "Employment": 0.9599944443399123,
    "Gender": -0.9426769249306786,
    "Smoke": -0.8935373742015459,
    "Education": -0.6525637372017927,
    "Alcohol": -0.5057593090786828,
    "DII_food": 0.23088441850537278,
    "ActivityLevel": -0.2093748351092165,
    "Marriage": 0.1179889639672915,
    "Age": 0.030007528013968277,
    "BMI": 0.018833521080589197
}