{
    "accuracy": 0.5222088054127528,
    "precision": 0.028674024119832765,
    "recall": 0.8627854945995775,
    "sensitivity": 0.8627854945995775,
    "specificity": 0.5169068007032898,
    "f1": 0.05527146020767165,
    "roc_auc": 0.7663558724068263,
    "pr_auc": 0.0551281486516507,
    "tp": 251921.4795,
    "tn": 9621253.441999998,
    "fp": 8960316.3555,
    "fn": 40941.058000000005,
    "avg_pred": 0.4890009449145805,
    "kappa": 0.02612212980984514,
    "log_loss": 3.363735156785075,
    "brier": 0.43502463800340296,
    "ece": 0.4809497572024215,
    "mce": 0.9579042057184015
}