{
    "cv_Accuracy": 0.9227693917558906,
    "cv_Sensitivity": 0.9371986328310072,
    "cv_Specificity": 0.8935352841691536,
    "cv_Precision": 0.8989843756356025,
    "cv_NPV": 0.9203219875270813,
    "cv_F1 Score": 0.9175363708857173,
    "cv_Youden's Index": 0.8307339170001609,
    "cv_Cohen's Kappa": 0.844985895946105,
    "cv_AUC-ROC": 0.9757403625491756,
    "cv_AUC-PR": 0.9692262610674414,
    "cv_Log Loss": 0.2199973741164199,
    "cv_Brier": 0.06305433957208369,
    "cv_ECE": 0.055773995780449115,
    "cv_MCE": 0.19367763874291088,
    "test_Accuracy": 0.9257290163373406,
    "test_Sensitivity": 0.5000084249736536,
    "test_Specificity": 0.9051610057344508,
    "test_Precision": 0.1207535204514114,
    "test_NPV": 0.987487969201155,
    "test_F1 Score": 0.19452796040707868,
    "test_Youden's Index": 0.4051694307081044,
    "test_Cohen's Kappa": 0.17056116208323546,
    "test_AUC-ROC": 0.7762684936190305,
    "test_AUC-PR": 0.12353940695936245,
    "test_Log Loss": 0.21652574181199716,
    "test_Brier": 0.06135709659408506,
    "test_ECE": 0.12374040947920718,
    "test_MCE": 0.7793864426877622
}