{
    "C": 32.28117811832655,
    "kernel": "sigmoid",
    "gamma": 0.01216783391948547,
    "probability": true,
    "class_weight": {
        "0": 1,
        "1": 7
    },
    "random_state": 42,
    "max_iter": 2000,
    "tol": 0.001,
    "shrinking": true,
    "cache_size": 250,
    "coef0": 1.0
}