{
    "n_estimators": 100,
    "max_depth": 10,
    "learning_rate": 0.01059053256969849,
    "subsample": 0.41851681788092226,
    "colsample_bytree": 0.9795042266357571,
    "reg_alpha": 0.9159664336155621,
    "reg_lambda": 2.945127069712534,
    "use_label_encoder": false,
    "random_state": 42,
    "eval_metric": "logloss"
}