{
    "Accuracy": 0.8733554925104938,
    "Sensitivity": 0.5334510180365211,
    "Specificity": 0.8688236418605388,
    "Precision": 0.06548748052496352,
    "NPV": 0.9918192400420717,
    "F1 Score": 0.116478721394881,
    "Youden's Index": 0.40227465989705974,
    "Cohen's Kappa": 0.09135017970045804,
    "AUC-ROC": 0.744134951559982,
    "AUC-PR": 0.07294680675293927,
    "Log Loss": 0.3100235677358617,
    "Brier": 0.09243102822406643,
    "ECE": 0.17642092470051024,
    "MCE": 0.8447927145405686
}