{
    "train_sizes": [
        1000,
        1500,
        2000,
        2500,
        3000,
        3500,
        4000,
        4500,
        5000,
        5500,
        6000,
        6500,
        7000,
        7500,
        8000,
        8500,
        9000,
        9228
    ],
    "train_scores": [
        0.5813888681700272,
        0.6413215659651506,
        0.6030951954826175,
        0.572296085522305,
        0.5789185897894492,
        0.6339316878583894,
        0.6357969876341247,
        0.6587872259007418,
        0.721310124819488,
        0.7070016875523075,
        0.7299930246106068,
        0.6851419202527236,
        0.7095108201767631,
        0.7105538721320513,
        0.7057962194909665,
        0.7568425008043702,
        0.7296386948487724,
        0.7443608921819577
    ],
    "test_scores": [
        0.5794269852711761,
        0.5850968831699787,
        0.5732514228538845,
        0.5968455141101917,
        0.645830419486374,
        0.6830344174637157,
        0.7343970219587507,
        0.7400131257598416,
        0.7511807804447697,
        0.7481252756947506,
        0.728791676977202,
        0.7428319364799294,
        0.7265968777905688,
        0.7539027617889765,
        0.7342786749437852,
        0.7365703035062993,
        0.7512668510011082,
        0.7300719765027381
    ]
}