{
    "prob_pred": [
        0.02288327516711625,
        0.14299305535443513,
        0.24023548495949087,
        0.3503964095232086,
        0.44705516485570146,
        0.5505268989460432,
        0.6493153903067032,
        0.7572047238604174,
        0.8518193848762142,
        0.9392041299253072
    ],
    "prob_true": [
        0.006041198983179826,
        0.0054514945793251975,
        0.007455811263074868,
        0.02469855481790692,
        0.00726706817332925,
        0.011763504949652505,
        0.04082738914366297,
        0.29117482553496454,
        0.18085385424169179,
        0.25819323189115556
    ]
}