{"Histogram": {"fraction_of_positives": [0.0, 0.006993006993006993, 0.005025125628140704, 0.03333333333333333, 0.017964071856287425, 0.011019283746556474, 0.020289855072463767, 0.0763888888888889, 0.1437125748502994], "mean_predicted_value": [0.0, 0.0017800782789461557, 0.003095031976606716, 0.007246301863539587, 0.009593155833897173, 0.011687799686487919, 0.016769895922091067, 0.04193487293443435, 0.252844165939559], "brier_score": 0.013662002491595026}, "Isotonic": {"fraction_of_positives": [0.0, 0.005908419497784343, 0.01232394366197183, 0.014992503748125937, 0.03162055335968379, 0.06153846153846154, 0.14705882352941177], "mean_predicted_value": [0.0, 0.003978207948581617, 0.008708775391985071, 0.01136448974909433, 0.01930359299559273, 0.042177887679874175, 0.2776846939491891], "brier_score": 0.01412643540697049}, "Ensemble": {"fraction_of_positives": [0.0, 0.0, 0.0, 0.0, 0.005780346820809248, 0.005780346820809248, 0.0, 0.005780346820809248, 0.005780346820809248, 0.023121387283236993, 0.0, 0.0, 0.011560693641618497, 0.023121387283236993, 0.005780346820809248, 0.03468208092485549, 0.023121387283236993, 0.028901734104046242, 0.04046242774566474, 0.14450867052023122], "mean_predicted_value": [0.0029471042559113714, 0.002958222498459512, 0.004248333061138388, 0.004483341650110941, 0.004589279357724162, 0.004751256941826219, 0.005134836782295327, 0.005257581850503559, 0.006445796454326666, 0.007555565731570128, 0.008154116518513754, 0.009635565860664231, 0.010761543432538236, 0.011549052705815572, 0.012268110705735467, 0.013029079610726604, 0.01410988411670177, 0.02306760175082517, 0.05926461551966341, 0.18352850851831393], "brier_score": 0.014481115753327238}, "Adaptive": {"fraction_of_positives": [0.0, 0.008695652173913044, 0.008620689655172414, 0.008658008658008658, 0.008695652173913044, 0.008658008658008658, 0.017241379310344827, 0.02608695652173913, 0.02608695652173913, 0.013043478260869565, 0.034482758620689655, 0.03463203463203463, 0.14782608695652175, 0.09482758620689655], "mean_predicted_value": [0.0, 0.0010654960134468157, 0.0013703347636775112, 0.0022076002786478406, 0.004090580546998014, 0.007383477030448041, 0.009462458563376243, 0.012747387299434346, 0.015109748553122245, 0.018889268243347815, 0.02646458110412867, 0.030435852606430846, 0.16460697392396675, 0.17681651080215527], "brier_score": 0.01520379486228236}, "Sigmoid": {"fraction_of_positives": [0.0, 0.0, 0.005780346820809248, 0.005780346820809248, 0.005780346820809248, 0.005780346820809248, 0.005780346820809248, 0.011560693641618497, 0.0, 0.005780346820809248, 0.023121387283236993, 0.0, 0.017341040462427744, 0.017341040462427744, 0.011560693641618497, 0.023121387283236993, 0.005780346820809248, 0.028901734104046242, 0.04046242774566474, 0.14450867052023122], "mean_predicted_value": [0.003902097125201764, 0.003911956860841357, 0.003925825721797262, 0.003946863120163442, 0.003979518334924991, 0.004027716124530885, 0.004098139123071661, 0.00418657728580723, 0.004324540263179098, 0.004508225899921672, 0.004769348867913298, 0.005169009341902679, 0.005751302503071583, 0.006641500059773823, 0.008168192659860575, 0.010911798568475812, 0.01617664857109974, 0.02867225575960441, 0.07496485724515, 0.2221671069104989], "brier_score": 0.0152636620164554}, "Bayesian": {"fraction_of_positives": [0.0, 0.002890173410404624, 0.005763688760806916, 0.005780346820809248, 0.008695652173913044, 0.011527377521613832, 0.017341040462427744, 0.017391304347826087, 0.08959537572254335, 1.0], "mean_predicted_value": [0.002873563218390822, 0.005747126436781644, 0.008595988538682006, 0.008620689655172457, 0.011527377521613926, 0.014326647564470022, 0.020114942528735493, 0.0201729106628241, 0.0919540229885063, 0.6666666666666666], "brier_score": 0.0158080415507248}, "Platt": {"fraction_of_positives": [0.0, 0.0, 0.005780346820809248, 0.005780346820809248, 0.005780346820809248, 0.005780346820809248, 0.005780346820809248, 0.011560693641618497, 0.0, 0.005780346820809248, 0.023121387283236993, 0.0, 0.017341040462427744, 0.017341040462427744, 0.011560693641618497, 0.023121387283236993, 0.005780346820809248, 0.028901734104046242, 0.04046242774566474, 0.14450867052023122], "mean_predicted_value": [0.00779142926823269, 0.007804103155709529, 0.007821910903729863, 0.007848878790583703, 0.007890638542162926, 0.007952046095600266, 0.008041310753293993, 0.008152612366496672, 0.00832458779464513, 0.008550542516022941, 0.008866026216463655, 0.00933733745990441, 0.010000761429501974, 0.010970084563277886, 0.012529478712960194, 0.015092213273413299, 0.019427600173753837, 0.028028097624314144, 0.05223671093828159, 0.11147470721525149], "brier_score": 0.015852476193503433}}