{"Isotonic": {"fraction_of_positives": [0.001662663957140218, 0.004405286343612335, 0.004285714285714286, 0.009481316229782488, 0.02546296296296296, 0.1697860962566845], "mean_predicted_value": [0.0010476422429739137, 0.001432287933779886, 0.004035161990620929, 0.005433932047920988, 0.018057824749852885, 0.26495194198681576], "brier_score": 0.011358274226389896}, "Histogram": {"fraction_of_positives": [0.002007722007722008, 0.004932182490752158, 0.015006821282401092, 0.015580736543909348, 0.11669242658423493], "mean_predicted_value": [0.001050789470577468, 0.00399278195441216, 0.004285808714145801, 0.01102884807703862, 0.16487353508772568], "brier_score": 0.011434358798900186}, "Ensemble": {"fraction_of_positives": [0.0, 0.0013869625520110957, 0.0006934812760055479, 0.005547850208044383, 0.0034674063800277394, 0.008321775312066574, 0.016643550624133148, 0.10610263522884882], "mean_predicted_value": [0.001295937546327062, 0.0018261694926829366, 0.0020176917992148252, 0.0024999280232265424, 0.004182204716659945, 0.005953175725441285, 0.010952060296632054, 0.13483803583236664], "brier_score": 0.011842095188427201}, "Sigmoid": {"fraction_of_positives": [0.0006934812760055479, 0.001386001386001386, 0.0034698126301179735, 0.0020804438280166435, 0.004160887656033287, 0.009708737864077669, 0.014563106796116505, 0.10610263522884882], "mean_predicted_value": [0.0015318032328759238, 0.0015562531799357764, 0.0016216967399463901, 0.001769440715750398, 0.0021373140151954386, 0.0032192352593026947, 0.008895801182013309, 0.15440999952279988], "brier_score": 0.01193662583762429}, "Adaptive": {"fraction_of_positives": [0.0, 0.002600780234070221, 0.00432152117545376, 0.006506180871828237, 0.009746588693957114, 0.020169160702667534, 0.12294372294372294], "mean_predicted_value": [0.0, 0.0004094829156242975, 0.0013571652675640872, 0.003216142278222534, 0.006238042969702992, 0.01517050294245153, 0.17925037023535742], "brier_score": 0.012370570614905046}, "Platt": {"fraction_of_positives": [0.0006934812760055479, 0.001386001386001386, 0.0034698126301179735, 0.0020804438280166435, 0.004160887656033287, 0.009708737864077669, 0.014563106796116505, 0.10610263522884882], "mean_predicted_value": [0.0036537306830625367, 0.003696089149137611, 0.0038085399677155805, 0.004057786417059545, 0.004653797174063128, 0.006255320829523074, 0.012896232374569001, 0.10320733330432551], "brier_score": 0.01265914159645945}, "Bayesian": {"fraction_of_positives": [0.0008665511265164644, 0.0017346053772766695, 0.0025996533795493936, 0.003469210754553339, 0.006504770164787511, 0.012131715771230503, 0.021663778162911613, 0.12131715771230503], "mean_predicted_value": [0.0017301051008916045, 0.002597402597402598, 0.0034602076124566825, 0.004329004329004343, 0.007359307359307187, 0.012975778546712507, 0.02249134948096904, 0.121684785462951], "brier_score": 0.013950577088111295}}