{
    "train_sizes": [
        1000,
        1500,
        2000,
        2500,
        3000,
        3500,
        4000,
        4500,
        5000,
        5500,
        6000,
        6500,
        7000,
        7500,
        8000
    ],
    "train_scores": [
        0.7204891398183639,
        0.6867513893693069,
        0.7222828062522719,
        0.6961735252153947,
        0.6974523647455534,
        0.6989237358833746,
        0.7152582676363199,
        0.7293283371040725,
        0.7385799312186678,
        0.7305784810018159,
        0.7252681729320877,
        0.7313084334888156,
        0.7527446622797745,
        0.7610197989218366,
        0.765474129623154
    ],
    "test_scores": [
        0.6758766809972573,
        0.677286962958745,
        0.6882489157152483,
        0.6785368561910998,
        0.6829110079814746,
        0.6929908227277471,
        0.7026535318737009,
        0.7146409285463466,
        0.7149953971281875,
        0.7156203437443651,
        0.7150362060947717,
        0.7212491339957673,
        0.7163819529463125,
        0.7157418215983828,
        0.7204808814736782
    ],
    "train_cis": [
        [
            0.062123168414663144,
            0.062123168414663144
        ],
        [
            0.06579670311144425,
            0.06579670311144425
        ],
        [
            0.03838310979727522,
            0.03838310979727522
        ],
        [
            0.04899509595700424,
            0.04899509595700424
        ],
        [
            0.041386027427324557,
            0.041386027427324557
        ],
        [
            0.03721673834888106,
            0.03721673834888106
        ],
        [
            0.03436275444117842,
            0.03436275444117842
        ],
        [
            0.02056415513807508,
            0.02056415513807508
        ],
        [
            0.019845123188212854,
            0.019845123188212854
        ],
        [
            0.02433231763340271,
            0.02433231763340271
        ],
        [
            0.020631731964520394,
            0.020631731964520394
        ],
        [
            0.018586810485075156,
            0.018586810485075156
        ],
        [
            0.015973725975498065,
            0.015973725975498065
        ],
        [
            0.01481029866169814,
            0.01481029866169814
        ],
        [
            0.010374694262556772,
            0.010374694262556772
        ]
    ],
    "n_resamples": 10,
    "cv": 5
}