{
    "train_sizes": [
        807,
        1615,
        2422,
        3230,
        4037,
        4845,
        5652,
        6460,
        7267,
        8075
    ],
    "train_scores": [
        0.8193037974683545,
        0.7464977381760514,
        0.7525520467836257,
        0.7217362614947005,
        0.7252432691776954,
        0.8552360148429473,
        0.8120058766573361,
        0.8136739513397171,
        0.809395173453997,
        0.8411817670934727
    ],
    "test_scores": [
        0.7342624491074226,
        0.7303476354525524,
        0.7230684546688306,
        0.7014207214645675,
        0.763293758126204,
        0.7376078353215841,
        0.7781890309294005,
        0.7648786645028423,
        0.7464671772532718,
        0.761134679080185
    ]
}