{
    "thresholds": [
        0.0,
        0.01,
        0.02,
        0.03,
        0.04,
        0.05,
        0.06,
        0.07,
        0.08,
        0.09,
        0.1,
        0.11,
        0.12,
        0.13,
        0.14,
        0.15,
        0.16,
        0.17,
        0.18,
        0.19,
        0.2,
        0.21,
        0.22,
        0.23,
        0.24,
        0.25,
        0.26,
        0.27,
        0.28,
        0.29,
        0.3,
        0.31,
        0.32,
        0.33,
        0.34,
        0.35000000000000003,
        0.36,
        0.37,
        0.38,
        0.39,
        0.4,
        0.41000000000000003,
        0.42,
        0.43,
        0.44,
        0.45,
        0.46,
        0.47000000000000003,
        0.48,
        0.49,
        0.5,
        0.51,
        0.52,
        0.53,
        0.54,
        0.55,
        0.56,
        0.5700000000000001,
        0.58,
        0.59,
        0.6,
        0.61,
        0.62,
        0.63,
        0.64,
        0.65,
        0.66,
        0.67,
        0.68,
        0.6900000000000001,
        0.7000000000000001,
        0.71,
        0.72,
        0.73,
        0.74,
        0.75,
        0.76,
        0.77,
        0.78,
        0.79,
        0.8,
        0.81,
        0.8200000000000001,
        0.8300000000000001,
        0.84,
        0.85,
        0.86,
        0.87,
        0.88,
        0.89,
        0.9,
        0.91,
        0.92,
        0.93,
        0.9400000000000001,
        0.9500000000000001,
        0.96,
        0.97,
        0.98,
        0.99,
        1.0
    ],
    "sensitivity": [
        1.0,
        0.9024390243902439,
        0.8292682926829268,
        0.8292682926829268,
        0.7317073170731707,
        0.7317073170731707,
        0.7317073170731707,
        0.7317073170731707,
        0.7317073170731707,
        0.7073170731707317,
        0.6585365853658537,
        0.6341463414634146,
        0.6341463414634146,
        0.6341463414634146,
        0.6341463414634146,
        0.6097560975609756,
        0.6097560975609756,
        0.6097560975609756,
        0.6097560975609756,
        0.6097560975609756,
        0.5609756097560976,
        0.5365853658536586,
        0.5365853658536586,
        0.5365853658536586,
        0.5365853658536586,
        0.5365853658536586,
        0.5365853658536586,
        0.5365853658536586,
        0.5365853658536586,
        0.5365853658536586,
        0.5365853658536586,
        0.5365853658536586,
        0.5365853658536586,
        0.5365853658536586,
        0.5365853658536586,
        0.5365853658536586,
        0.5365853658536586,
        0.5365853658536586,
        0.4878048780487805,
        0.4878048780487805,
        0.4878048780487805,
        0.4634146341463415,
        0.4634146341463415,
        0.43902439024390244,
        0.43902439024390244,
        0.43902439024390244,
        0.43902439024390244,
        0.43902439024390244,
        0.43902439024390244,
        0.43902439024390244,
        0.43902439024390244,
        0.43902439024390244,
        0.43902439024390244,
        0.43902439024390244,
        0.3902439024390244,
        0.3902439024390244,
        0.3902439024390244,
        0.3902439024390244,
        0.36585365853658536,
        0.36585365853658536,
        0.36585365853658536,
        0.36585365853658536,
        0.34146341463414637,
        0.34146341463414637,
        0.34146341463414637,
        0.34146341463414637,
        0.34146341463414637,
        0.34146341463414637,
        0.34146341463414637,
        0.34146341463414637,
        0.34146341463414637,
        0.34146341463414637,
        0.3170731707317073,
        0.3170731707317073,
        0.3170731707317073,
        0.2682926829268293,
        0.24390243902439024,
        0.24390243902439024,
        0.24390243902439024,
        0.21951219512195122,
        0.1951219512195122,
        0.1951219512195122,
        0.1951219512195122,
        0.1951219512195122,
        0.1951219512195122,
        0.1951219512195122,
        0.17073170731707318,
        0.17073170731707318,
        0.14634146341463414,
        0.14634146341463414,
        0.12195121951219512,
        0.12195121951219512,
        0.12195121951219512,
        0.0975609756097561,
        0.0975609756097561,
        0.0975609756097561,
        0.04878048780487805,
        0.04878048780487805,
        0.024390243902439025,
        0.024390243902439025,
        0.0
    ],
    "specificity": [
        0.0,
        0.3387737097485664,
        0.43361270401411556,
        0.4909572121746802,
        0.5350683722981915,
        0.5672695191883547,
        0.5950595500661667,
        0.6166740185266872,
        0.6347595941773269,
        0.6528451698279665,
        0.6757829730921924,
        0.6876929863255403,
        0.6991618879576533,
        0.7115130127922364,
        0.7216585796206441,
        0.7304808116453463,
        0.7379797088663432,
        0.7485663872959859,
        0.7551830613145126,
        0.7640052933392149,
        0.7719453021614469,
        0.7829730921923247,
        0.7887075430083811,
        0.7966475518306132,
        0.8006175562417291,
        0.8059108954565505,
        0.812086457873842,
        0.8191442434936039,
        0.8262020291133657,
        0.831495368328187,
        0.835465372739303,
        0.8376709307454786,
        0.8451698279664756,
        0.8526687251874724,
        0.8579620644022938,
        0.8606087340097045,
        0.8667842964269961,
        0.8689898544331716,
        0.8716365240405822,
        0.8747243052492281,
        0.8786943096603441,
        0.8813409792677548,
        0.8848698720776357,
        0.8875165416850463,
        0.8919276576973975,
        0.8936921041023379,
        0.8967798853109836,
        0.9003087781208646,
        0.9020732245258051,
        0.9038376709307455,
        0.905602117335686,
        0.9082487869430966,
        0.9100132333480371,
        0.9113365681517424,
        0.9126599029554477,
        0.9161887957653286,
        0.9192765769739745,
        0.9205999117776797,
        0.9228054697838554,
        0.9258932509925011,
        0.9272165857962065,
        0.9280988089986767,
        0.9303043670048522,
        0.9329510366122629,
        0.9355977062196735,
        0.9382443758270842,
        0.9382443758270842,
        0.9417732686369652,
        0.9444199382443759,
        0.9466254962505514,
        0.9483899426554918,
        0.9510366122629025,
        0.9519188354653727,
        0.9523599470666079,
        0.9541243934715483,
        0.9554477282752536,
        0.9598588442876048,
        0.9633877370974857,
        0.9660344067048964,
        0.9691221879135421,
        0.9708866343184825,
        0.9722099691221879,
        0.9735333039258932,
        0.9739744155271284,
        0.9761799735333039,
        0.9779444199382443,
        0.9810322011468902,
        0.9814733127481253,
        0.9823555359505955,
        0.984561093956771,
        0.9854433171592413,
        0.9872077635641817,
        0.9916188795765328,
        0.992501102779003,
        0.9951477723864137,
        0.9955888839876489,
        0.9964711071901191,
        0.9982355535950596,
        0.9991177767975298,
        0.9995588883987648,
        1.0
    ],