{
    "prob_pred": [
        0.02206345792281476,
        0.14599917980318006,
        0.24480452371475223,
        0.34496402995861636,
        0.4440307287708321,
        0.550022446112065,
        0.6510857890341626,
        0.7560704084746629,
        0.8530608075182257,
        0.9386850348571315
    ],
    "prob_true": [
        0.009055627425614488,
        0.018018018018018018,
        0.006896551724137931,
        0.02,
        0.031746031746031744,
        0.057692307692307696,
        0.02040816326530612,
        0.10526315789473684,
        0.08333333333333333,
        0.13157894736842105
    ]
}