{
    "steps": [
        0,
        5,
        10,
        15,
        20,
        25,
        30,
        35,
        40,
        45,
        50,
        55,
        60,
        65,
        70,
        75,
        80,
        85,
        90,
        95,
        100,
        105,
        110,
        115,
        120,
        125,
        130,
        135,
        140,
        145,
        150,
        155,
        160,
        165,
        170,
        175,
        180,
        185,
        190,
        195,
        200,
        205,
        210,
        215,
        220,
        225,
        230,
        235,
        240,
        245,
        250,
        255,
        260,
        265,
        270,
        275,
        280,
        285,
        290,
        295,
        300,
        305,
        310,
        315,
        320,
        325,
        330,
        335,
        340,
        345,
        350,
        355,
        360,
        365,
        370,
        375,
        380,
        385,
        390,
        395,
        400,
        405,
        410,
        415,
        420,
        425,
        430,
        435,
        440,
        445,
        450,
        455,
        460,
        465,
        470,
        475,
        480,
        485,
        490,
        495,
        500,
        505,
        510,
        515,
        520,
        525,
        530,
        535
    ],
    "train_auc": [
        0.9271871569112866,
        0.6729745656900522,
        0.7079090693819559,
        0.7020092889587325,
        0.6802571281725616,
        0.6759126832497364,
        0.6614585575743225,
        0.6722022797235916,
        0.670720271026629,
        0.6642846667599509,
        0.6684111494413708,
        0.6690048274600133,
        0.6678632165845048,
        0.6655557768066648,
        0.6635453442188879,
        0.6689812821561578,
        0.6706112899059264,
        0.6707293527866875,
        0.6700132391879965,
        0.6739843228639701,
        0.6737421425957419,
        0.6758921651992337,
        0.6768635771640152,
        0.6760690913396337,
        0.6754367317503713,
        0.6780946601941747,
        0.6785877661292059,
        0.6795484145265107,
        0.6819433082900996,
        0.6816405829548146,
        0.6806745527737713,
        0.680512426538652,
        0.6813146486771575,
        0.6838817595203754,
        0.6839059775471983,
        0.687669189826276,
        0.6875292634490775,
        0.687552808752933,
        0.693823259531139,
        0.693545424945644,
        0.6957001566099068,
        0.6963056072804771,
        0.6971095112264009,
        0.6997371671366757,
        0.700349345036919,
        0.7019652256043744,
        0.7031572907024304,
        0.7037755231093793,
        0.7064852512216648,
        0.7063910700062428,
        0.7065720324844467,
        0.7081536041805696,
        0.70829554872667,
        0.7092871423804705,
        0.7108936048263836,
        0.7128397923707833,
        0.7165781139000711,
        0.718141522076077,
        0.7227083019395949,
        0.7236992228704282,
        0.7296272576582783,
        0.7367661937872688,
        0.7396965750328288,
        0.7504170882397263,
        0.7568476470841495,
        0.7742234086065486,
        0.7857081351042989,
        0.8007468570382967,
        0.8115716423051256,
        0.8209124007060901,
        0.8291418207650744,
        0.8375770940520526,
        0.8425512076722709,
        0.8486541504316191,
        0.8533955019051516,
        0.857850273394614,
        0.8619673379544917,
        0.8664651637138612,
        0.8695892891740038,
        0.8733693195272642,
        0.8771607861709685,
        0.8810262523410759,
        0.8838187253783394,
        0.8868775967106537,
        0.8908157169612296,
        0.8932819193593525,
        0.8950646352226982,
        0.8972200396099284,
        0.8997272781090565,
        0.9012065959141498,
        0.9032200557552795,
        0.9051211708608702,
        0.9065305254773642,
        0.9083684046240286,
        0.9098699222870429,
        0.9110142240544206,
        0.9128628667685617,
        0.9146872914558801,
        0.9156714851570404,
        0.9168864228359848,
        0.9190068456289152,
        0.920036784491852,
        0.9209220879168192,
        0.9225399866531763,
        0.923758287946957,
        0.924835990140572,
        0.9260018190429036,
        0.9267236507868168
    ],
    "test_auc": [
        0.7452957061551206,
        0.6633457777012707,
        0.6824803382572864,
        0.6882470655319698,
        0.6738840414429729,
        0.6747501264161296,
        0.6576543621633835,
        0.6663905236317471,
        0.6651102241062111,
        0.659085285162512,
        0.662684110299418,
        0.6618556811946593,
        0.6620009252584806,
        0.6594080497487815,
        0.6574069093139101,
        0.6604408964248443,
        0.6618287841458036,
        0.6604408964248443,
        0.6597523319741359,
        0.6611079432364682,
        0.6611617373341798,
        0.6611832549732644,
        0.6614199490031953,
        0.660968078582418,
        0.6613446372663991,
        0.6627755602655276,
        0.663593230550744,
        0.6636577834679978,
        0.6654222298729383,
        0.6651209829257533,
        0.6640558597910636,
        0.6641526891669446,
        0.6653469181361421,
        0.6662291413386123,
        0.6668746705111515,
        0.6692093343518348,
        0.6701453516520167,
        0.6706510161705057,
        0.6752450321150764,
        0.6756431084381421,
        0.6779562546397409,
        0.6788707543008381,
        0.6790213777744306,
        0.6831420056591391,
        0.6828084822533272,
        0.6838198112903052,
        0.6844653404628445,
        0.6847235521318601,
        0.6862405456873272,
        0.6871765629875091,
        0.687176562987509,
        0.6882094096635718,
        0.6872949100024746,
        0.6885752095280107,
        0.6898662678730889,
        0.6904687617674589,
        0.6915231260826062,
        0.692459143382788,
        0.6935135076979354,
        0.6932122607507505,
        0.6986239469805373,
        0.7037128686240546,
        0.7054988326680797,
        0.7096840134700421,
        0.7108459659806126,
        0.721120638643528,
        0.7307928174120735,
        0.7369576210098228,
        0.7376569442800736,
        0.7397871905494529,
        0.7420250250142554,
        0.7455969531023057,
        0.7421756484878479,
        0.7422402014051018,
        0.7404219609024497,
        0.7396796023540297,
        0.7392600083918792,
        0.7384315792871206,
        0.7400346433989262,
        0.7416484663302743,
        0.7394644259631833,
        0.7406801725714655,
        0.7416807427889013,
        0.7421864073073903,
        0.7415839134130202,
        0.7435635362088072,
        0.7441660301031771,
        0.743692642043315,
        0.7436496067651457,
        0.7442521006595157,
        0.7460273058839985,
        0.7458013706736096,
        0.7452741885160361,
        0.7453495002528322,
        0.7448330769148009,
        0.7455646766436786,
        0.7456937824781864,
        0.7462639999139294,
        0.7461026176207946,
        0.7459412353276599,
        0.7463931057484372,
        0.7458659235908636,
        0.7463500704702679,
        0.7453387414332899,
        0.7449729415688511,
        0.7449299062906818,
        0.7454463296287132,
        0.7449191474711395
    ]
}