{
    "thresholds": [
        0.0,
        0.01,
        0.02,
        0.03,
        0.04,
        0.05,
        0.06,
        0.07,
        0.08,
        0.09,
        0.1,
        0.11,
        0.12,
        0.13,
        0.14,
        0.15,
        0.16,
        0.17,
        0.18,
        0.19,
        0.2,
        0.21,
        0.22,
        0.23,
        0.24,
        0.25,
        0.26,
        0.27,
        0.28,
        0.29,
        0.3,
        0.31,
        0.32,
        0.33,
        0.34,
        0.35000000000000003,
        0.36,
        0.37,
        0.38,
        0.39,
        0.4,
        0.41000000000000003,
        0.42,
        0.43,
        0.44,
        0.45,
        0.46,
        0.47000000000000003,
        0.48,
        0.49,
        0.5,
        0.51,
        0.52,
        0.53,
        0.54,
        0.55,
        0.56,
        0.5700000000000001,
        0.58,
        0.59,
        0.6,
        0.61,
        0.62,
        0.63,
        0.64,
        0.65,
        0.66,
        0.67,
        0.68,
        0.6900000000000001,
        0.7000000000000001,
        0.71,
        0.72,
        0.73,
        0.74,
        0.75,
        0.76,
        0.77,
        0.78,
        0.79,
        0.8,
        0.81,
        0.8200000000000001,
        0.8300000000000001,
        0.84,
        0.85,
        0.86,
        0.87,
        0.88,
        0.89,
        0.9,
        0.91,
        0.92,
        0.93,
        0.9400000000000001,
        0.9500000000000001,
        0.96,
        0.97,
        0.98,
        0.99,
        1.0
    ],
    "sensitivity": [
        1.0,
        0.9354838709677419,
        0.8870967741935484,
        0.8870967741935484,
        0.8064516129032258,
        0.8064516129032258,
        0.8064516129032258,
        0.8064516129032258,
        0.7903225806451613,
        0.7580645161290323,
        0.7258064516129032,
        0.7096774193548387,
        0.7096774193548387,
        0.7096774193548387,
        0.6935483870967742,
        0.6774193548387096,
        0.6774193548387096,
        0.6774193548387096,
        0.6774193548387096,
        0.6774193548387096,
        0.6290322580645161,
        0.6129032258064516,
        0.6129032258064516,
        0.6129032258064516,
        0.6129032258064516,
        0.6129032258064516,
        0.6129032258064516,
        0.6129032258064516,
        0.5967741935483871,
        0.5967741935483871,
        0.5967741935483871,
        0.5967741935483871,
        0.5967741935483871,
        0.5967741935483871,
        0.5967741935483871,
        0.5806451612903226,
        0.5806451612903226,
        0.5806451612903226,
        0.5483870967741935,
        0.5483870967741935,
        0.5483870967741935,
        0.532258064516129,
        0.532258064516129,
        0.5161290322580645,
        0.5161290322580645,
        0.5161290322580645,
        0.5161290322580645,
        0.5161290322580645,
        0.5161290322580645,
        0.5161290322580645,
        0.5161290322580645,
        0.5161290322580645,
        0.5161290322580645,
        0.5161290322580645,
        0.4838709677419355,
        0.4838709677419355,
        0.4838709677419355,
        0.4838709677419355,
        0.46774193548387094,
        0.46774193548387094,
        0.46774193548387094,
        0.46774193548387094,
        0.45161290322580644,
        0.43548387096774194,
        0.43548387096774194,
        0.43548387096774194,
        0.4032258064516129,
        0.4032258064516129,
        0.4032258064516129,
        0.4032258064516129,
        0.4032258064516129,
        0.4032258064516129,
        0.3870967741935484,
        0.3870967741935484,
        0.3709677419354839,
        0.3387096774193548,
        0.3064516129032258,
        0.3064516129032258,
        0.2903225806451613,
        0.25806451612903225,
        0.24193548387096775,
        0.24193548387096775,
        0.24193548387096775,
        0.24193548387096775,
        0.24193548387096775,
        0.22580645161290322,
        0.20967741935483872,
        0.20967741935483872,
        0.16129032258064516,
        0.16129032258064516,
        0.14516129032258066,
        0.12903225806451613,
        0.11290322580645161,
        0.0967741935483871,
        0.06451612903225806,
        0.06451612903225806,
        0.03225806451612903,
        0.03225806451612903,
        0.016129032258064516,
        0.016129032258064516,
        0.0
    ],
    "specificity": [
        0.0,
        0.33097969991173876,
        0.42718446601941745,
        0.4880847308031774,
        0.5330979699911739,
        0.5651662253604001,
        0.5957634598411298,
        0.6187113857016769,
        0.6384230656075316,
        0.6581347455133862,
        0.6781406295969403,
        0.6899087967049132,
        0.7019711679905855,
        0.7155045601647544,
        0.7275669314504266,
        0.7372756693145043,
        0.7458075904677847,
        0.7566931450426596,
        0.7637540453074434,
        0.7719917622830245,
        0.7787584583701088,
        0.7884671962341865,
        0.7955280964989703,
        0.8037658134745513,
        0.8087672844954399,
        0.8149455722271256,
        0.8202412474257135,
        0.8270079435127978,
        0.8337746395998823,
        0.8387761106207708,
        0.8437775816416593,
        0.8473080317740512,
        0.8531921153280376,
        0.8584877905266255,
        0.8640776699029126,
        0.8673139158576052,
        0.8729037952338923,
        0.8755516328331863,
        0.8793762871432774,
        0.8826125330979699,
        0.8864371874080612,
        0.8890850250073551,
        0.8914386584289496,
        0.8937922918505443,
        0.8979111503383348,
        0.8996763754045307,
        0.903501029714622,
        0.9076198882024125,
        0.9093851132686084,
        0.9114445425125037,
        0.913503971756399,
        0.9161518093556928,
        0.9173286260664901,
        0.9193880553103854,
        0.9214474845542807,
        0.9243895263312739,
        0.9276257722859664,
        0.9293909973521624,
        0.931744630773757,
        0.9346866725507502,
        0.9358634892615475,
        0.9376287143277434,
        0.9393939393939394,
        0.9411591644601354,
        0.9432185937040306,
        0.9452780229479258,
        0.9452780229479258,
        0.9485142689026184,
        0.9502794939688144,
        0.952633127390409,
        0.9541041482789056,
        0.9573403942335981,
        0.9582230067666961,
        0.9585172109443955,
        0.9602824360105914,
        0.9611650485436893,
        0.9649897028537805,
        0.9676375404530745,
        0.9705795822300677,
        0.9735216240070609,
        0.9752868490732568,
        0.9764636657840541,
        0.9776404824948515,
        0.9785230950279494,
        0.979994115916446,
        0.9814651368049426,
        0.9835245660488379,
        0.9847013827596351,
        0.9855839952927331,
        0.9876434245366285,
        0.9882318328920271,
        0.989997057958223,
        0.9929390997352162,
        0.9938217122683142,
        0.9955869373345102,
        0.9958811415122095,
        0.9964695498676082,
        0.9985289791115034,
        0.9994115916446014,
        0.9997057958223007,
        1.0
    ],