{
    "steps": [
        0,
        5,
        10,
        15,
        20,
        25,
        30,
        35,
        40,
        45,
        50,
        55,
        60,
        65,
        70,
        75,
        80,
        85,
        90,
        95,
        100,
        105,
        110,
        115,
        120,
        125,
        130,
        135,
        140,
        145,
        150,
        155,
        160,
        165,
        170,
        175,
        180,
        185,
        190,
        195,
        200,
        205,
        210,
        215,
        220,
        225,
        230,
        235,
        240,
        245,
        250,
        255,
        260,
        265,
        270,
        275,
        280,
        285,
        290,
        295,
        300,
        305,
        310,
        315,
        320,
        325,
        330,
        335,
        340,
        345,
        350,
        355,
        360,
        365,
        370,
        375,
        380,
        385,
        390,
        395,
        400,
        405,
        410,
        415,
        420,
        425,
        430,
        435,
        440,
        445,
        450,
        455,
        460,
        465,
        470,
        475,
        480,
        485,
        490,
        495,
        500,
        505,
        510,
        515,
        520,
        525,
        530,
        535
    ],
    "train_auc": [
        0.9316780042952509,
        0.6814677380108545,
        0.7202440146842567,
        0.7120101280464366,
        0.6909971647112343,
        0.6862161413976846,
        0.6720414608084805,
        0.6822907299457981,
        0.6820271256731165,
        0.675555155887985,
        0.679440012836382,
        0.6796339691574185,
        0.6781806191791062,
        0.6755957103914745,
        0.6731919744400834,
        0.6784596517955066,
        0.6802793147346854,
        0.6804516713745156,
        0.6797168414036795,
        0.6836206531743597,
        0.683143696948538,
        0.6851476183927016,
        0.6859252069161298,
        0.6852983753513254,
        0.6846882945597016,
        0.6875394524789381,
        0.6879123775871128,
        0.6888222090567022,
        0.6916363389510137,
        0.6913013234874051,
        0.6903103830108369,
        0.6902151680896007,
        0.6910430089325702,
        0.6935882448363537,
        0.6938597836858048,
        0.6975158603373429,
        0.6974135924589783,
        0.6973651033787192,
        0.703758609015795,
        0.7035020577002423,
        0.7057122781404174,
        0.7063232405516823,
        0.7072401249784003,
        0.7095473235790937,
        0.7102041302116945,
        0.7117778212710133,
        0.7130649859469829,
        0.7135578113263439,
        0.716461866424045,
        0.7165914645112831,
        0.7167245890770853,
        0.7183282552042006,
        0.7182771212650183,
        0.71935269722713,
        0.7208981764579343,
        0.7225159484993071,
        0.7258881436264191,
        0.7274442022929163,
        0.7317919095528778,
        0.7328904076256573,
        0.739434670221357,
        0.746532589951652,
        0.7493837478708885,
        0.7598432832926025,
        0.7659502625463291,
        0.7831180418169827,
        0.795002274578674,
        0.8090306063074595,
        0.8193737679365516,
        0.8283354315880791,
        0.8360584196438963,
        0.8439850618368017,
        0.8486391319220365,
        0.8547425846971988,
        0.8592626485969905,
        0.8641115566229031,
        0.8681017671184086,
        0.8724948777898853,
        0.8756784063138072,
        0.8792692431119058,
        0.8825823697230657,
        0.8863072127066076,
        0.8891089999259439,
        0.8920024755879522,
        0.8959124586961198,
        0.8988006446402816,
        0.9004281144977061,
        0.9023526901741727,
        0.9048088824942079,
        0.9063446639089604,
        0.9083926663351778,
        0.9101991049797404,
        0.9115656154234066,
        0.9132644964717582,
        0.9147597233830215,
        0.9160486512982731,
        0.9177942581876015,
        0.919432307480719,
        0.9204373538715446,
        0.9215332070854008,
        0.9236147110579789,
        0.9245862559024436,
        0.925578959618294,
        0.9271632301133057,
        0.9283102172663444,
        0.92942193963374,
        0.9305706900260607,
        0.9312274966586616
    ],
    "test_auc": [
        0.7947119171672883,
        0.6454080422135542,
        0.6624101965473717,
        0.6696585333447219,
        0.6511568867503725,
        0.6519113781093111,
        0.634861771488768,
        0.6451114654215186,
        0.640724501513728,
        0.6347478860006264,
        0.6393744839563817,
        0.6394693885298333,
        0.6396995321204528,
        0.6374313128149646,
        0.636586662111247,
        0.6409854890907193,
        0.6417067638489499,
        0.6406485778549668,
        0.6402025263597453,
        0.6427744403002781,
        0.6429025614744375,
        0.6443546014482437,
        0.6452704305820498,
        0.6443735823629341,
        0.6443546014482437,
        0.6458303675654129,
        0.6467983942146172,
        0.6472444457098387,
        0.6481650200723172,
        0.6479989370687773,
        0.647087853163644,
        0.6467556871565641,
        0.6477593030208125,
        0.6494438591995748,
        0.6492350691379817,
        0.652243544116391,
        0.6526468885535595,
        0.653225806451613,
        0.6580896658409968,
        0.6581466085850677,
        0.6604005922045383,
        0.6610578063756892,
        0.6612523607512646,
        0.6654139262971082,
        0.6655135760992322,
        0.6665954882365781,
        0.6673784509675522,
        0.6680759995824199,
        0.6699551101367575,
        0.6696276893583502,
        0.669684632102421,
        0.6707760346971121,
        0.6707475633250767,
        0.6716206854008294,
        0.6729303685144588,
        0.6747667720107432,
        0.6773007241218953,
        0.6786104072355247,
        0.6810826713739335,
        0.6809165883703936,
        0.6844138219020776,
        0.6899894655923469,
        0.692404786986685,
        0.6996032988829731,
        0.703575055281914,
        0.7164156440698878,
        0.7257400184114873,
        0.7375698734922036,
        0.7431217910391101,
        0.7485598230978752,
        0.7544296709658439,
        0.7606127039262022,
        0.7605937230115118,
        0.7628951589177082,
        0.7636876121060274,
        0.7638631855669125,
        0.7650352570490372,
        0.7662073285311619,
        0.7679535726826676,
        0.7708481621729351,
        0.7713559016409001,
        0.7739847583255037,
        0.7758259070504607,
        0.7777619603488692,
        0.7786540633393124,
        0.7797739373060388,
        0.7811690345357744,
        0.7819045449800226,
        0.7827729218271028,
        0.7837267127902894,
        0.7855109187711757,
        0.7860993271265742,
        0.7862654101301142,
        0.7872998699807343,
        0.7874659529842745,
        0.7880543613396731,
        0.7888847763573726,
        0.7902371665290551,
        0.7904791731913561,
        0.791086562461445,
        0.7921589841414457,
        0.7923582837456937,
        0.7927379020394992,
        0.7928755136710038,
        0.7932836033368449,
        0.793535100456491,
        0.7942895918154296,
        0.7943228084161376
    ]
}