{
    "train_sizes": [
        1000,
        1500,
        2000,
        2500,
        3000,
        3500,
        4000,
        4500,
        5000,
        5500,
        6000,
        6500,
        7000,
        7500,
        8000
    ],
    "train_scores": [
        0.5936181325322007,
        0.6680857065990238,
        0.7115957833515085,
        0.7213745108428682,
        0.7163681463711967,
        0.7038527857632026,
        0.7827116578337466,
        0.7762443438914028,
        0.7783453210657886,
        0.7726498143549849,
        0.7367633251405721,
        0.7345953491539273,
        0.7879930479210712,
        0.7845632781700914,
        0.7767418954521318
    ],
    "test_scores": [
        0.6593210526815287,
        0.6762283024418947,
        0.6779033681633118,
        0.6509884311324963,
        0.6740312615664947,
        0.6982983609980165,
        0.7262003055927264,
        0.7235667036794503,
        0.7260769296472396,
        0.718541506515199,
        0.6981797302812023,
        0.6851303514316355,
        0.6697558105325095,
        0.6937239605576593,
        0.7174453586918355
    ]
}