{
    "platt": {
        "prob_true": [
            0.013963161021984551,
            0.15789473684210525
        ],
        "prob_pred": [
            0.014709652402606367,
            0.13108942343684868
        ],
        "brier": 0.015852476193503433,
        "auc": 0.8440625384367508
    },
    "isotonic": {
        "prob_true": [
            0.011242783348526283,
            0.15384615384615385,
            0.1386861313868613,
            0.16666666666666666,
            1.0
        ],
        "prob_pred": [
            0.007760122872910759,
            0.10981769045706315,
            0.2937861437022802,
            0.5170727220443606,
            1.0
        ],
        "brier": 0.01412643540697049,
        "auc": 0.8665778177308395
    },
    "adaptive": {
        "prob_true": [
            0.010258004351880633,
            0.0641025641025641,
            0.15,
            0.1282051282051282,
            0.058823529411764705,
            0.10526315789473684,
            0.15789473684210525,
            0.16,
            0.3076923076923077,
            0.14285714285714285
        ],
        "prob_pred": [
            0.009938447529427871,
            0.12442544277604291,
            0.265562958234487,
            0.35028218301713876,
            0.44212777935685715,
            0.5579112760534523,
            0.6520202361732886,
            0.7543783394475152,
            0.843158518836157,
            0.9324736751046983
        ],
        "brier": 0.01863865282591399,
        "auc": 0.8603427738474037
    },
    "histogram": {
        "prob_true": [
            0.011280487804878048,
            0.12,
            0.1450381679389313
        ],
        "prob_pred": [
            0.007789586939043314,
            0.1808538542416917,
            0.2788381989048372
        ],
        "brier": 0.014729606293700131,
        "auc": 0.8200658518336774
    },
    "bbq": {
        "prob_true": [
            0.012279125486672657,
            0.10256410256410256,
            0.29411764705882354,
            0.20833333333333334,
            0.17857142857142858,
            0.14285714285714285
        ],
        "prob_pred": [
            0.008386499184415896,
            0.13288785460616478,
            0.27322120499560215,
            0.3756205929471765,
            0.44852033337284064,
            0.5413430545064981
        ],
        "brier": 0.01363372746722243,
        "auc": 0.8701762532037156
    },
    "sigmoid": {
        "prob_true": [
            0.011518642012731131,
            0.13533834586466165,
            0.20689655172413793
        ],
        "prob_pred": [
            0.007877466935896964,
            0.1434136026504635,
            0.22128879021115982
        ],
        "brier": 0.015511091627335823,
        "auc": 0.8440625384367508
    },
    "kernel": {
        "prob_true": [
            0.01236056677720832,
            0.14583333333333334
        ],
        "prob_pred": [
            0.012264780445022919,
            0.1313741857378878
        ],
        "brier": 0.015695083810027214,
        "auc": 0.8440625384367508
    },
    "ensemble": {
        "prob_true": [
            0.011280487804878048,
            0.06557377049180328,
            0.16666666666666666,
            0.1875,
            0.5
        ],
        "prob_pred": [
            0.009384933905389956,
            0.17244824149655302,
            0.24115335572396518,
            0.3544678699314025,
            0.4409729761259091
        ],
        "brier": 0.014407734739820047,
        "auc": 0.8722962768547141
    }
}