{
    "train_sizes": [
        807,
        1615,
        2422,
        3230,
        4037,
        4845,
        5652,
        6460,
        7267,
        8075
    ],
    "train_scores": [
        1.0,
        1.0,
        1.0,
        1.0,
        0.9999964486870796,
        1.0,
        0.9999999999999999,
        1.0,
        1.0,
        1.0
    ],
    "test_scores": [
        0.7320227011739696,
        0.7030435896705862,
        0.7428086059467206,
        0.7308885915212253,
        0.7406447816720287,
        0.7338353785268912,
        0.7535470584327458,
        0.7674458332147025,
        0.7599246457686797,
        0.7604608566086799
    ]
}