{
    "thresholds": [
        0.01,
        0.03,
        0.05,
        0.06999999999999999,
        0.09,
        0.11,
        0.13,
        0.15000000000000002,
        0.17,
        0.19,
        0.21000000000000002,
        0.23,
        0.25,
        0.27,
        0.29000000000000004,
        0.31,
        0.33,
        0.35000000000000003,
        0.37,
        0.39,
        0.41000000000000003,
        0.43,
        0.45,
        0.47000000000000003,
        0.49,
        0.51,
        0.53,
        0.55,
        0.5700000000000001,
        0.59,
        0.61,
        0.63,
        0.65,
        0.67,
        0.6900000000000001,
        0.7100000000000001,
        0.73,
        0.75,
        0.77,
        0.79,
        0.81,
        0.8300000000000001,
        0.85,
        0.87,
        0.89,
        0.91,
        0.93,
        0.9500000000000001,
        0.97,
        0.99
    ],
    "net_benefits_model": [
        0.22014990365295864,
        0.20640183089424066,
        0.1941758673669918,
        0.18971158268182117,
        0.18086136538275033,
        0.17234795609357956,
        0.1690295042566972,
        0.1620182900043928,
        0.15924798992303227,
        0.15526220948262134,
        0.14304055273402255,
        0.14026855696916798,
        0.136591989137814,
        0.13460740823405778,
        0.13186081867990018,
        0.12933872507059435,
        0.12387249090595898,
        0.12204292652357826,
        0.11939568314313731,
        0.11438460596752474,
        0.11340743553453692,
        0.1039518347804338,
        0.09910510399308772,
        0.09600225441596538,
        0.09470601546796589,
        0.09305318868891752,
        0.08914648062284235,
        0.08630911971034169,
        0.08190214559749916,
        0.0791714271521534,
        0.07605793165874632,
        0.07018036366305204,
        0.06843177189409368,
        0.06479047090045052,
        0.058739022841250016,
        0.058349135004799005,
        0.05468054612657465,
        0.04256619144602851,
        0.03884117004634137,
        0.02460479099990301,
        0.020963304391324517,
        0.016752525857593514,
        0.016994795202534524,
        0.013092067470886218,
        0.0014812071838548324,
        -0.009919287923361261,
        -0.01347105033459417,
        -0.025729803122878554,
        -0.04358452138492867,
        -0.015750169721656465
    ],
    "net_benefits_all": [
        0.22298339813614762,
        0.20696243727297542,
        0.190266909636617,
        0.17285329479009265,
        0.15467424632394083,
        0.13567816197166985,
        0.11580869443078867,
        0.09500419312327779,
        0.07319706524673031,
        0.05031304216640267,
        0.02627033437314702,
        0.0009786547464755435,
        -0.025661914460285096,
        -0.05376224088385462,
        -0.0834456842890336,
        -0.11484990702204906,
        -0.14812900872419982,
        -0.1834560551464829,
        -0.22102608864319656,
        -0.2610597308937932,
        -0.30380751838171843,
        -0.3495551506056382,
        -0.39862988335493416,
        -0.4514083695192714,
        -0.5083263447945368,
        -0.5698906853983956,
        -0.6366945443515188,
        -0.7094365241004754,
        -0.7889451996400323,
        -0.8762108191346676,
        -0.9724267585774713,
        -1.0790444212032804,
        -1.1978469595577539,
        -1.3310498055915572,
        -1.4814401156297226,
        -1.6525739167076345,
        -1.8490608735007916,
        -2.076985743380855,
        -2.3445497210661475,
        -2.6630782659295904,
        -3.048665451816916,
        -3.5249790343836125,
        -4.128309572301425,
        -4.917280275732414,
        -5.9931494167746715,
        -7.547182620502378,
        -9.989234797788775,
        -14.384928716904296,
        -24.641547861507107,
        -75.92464358452132
    ],
    "net_benefits_none": [
        0,
        0,
        0,
        0,
        0,
        0,
        0,
        0,
        0,
        0,
        0,
        0,
        0,
        0,
        0,
        0,
        0,
        0,
        0,
        0,
        0,
        0,
        0,
        0,
        0,
        0,
        0,
        0,
        0,
        0,
        0,
        0,
        0,
        0,
        0,
        0,
        0,
        0,
        0,
        0,
        0,
        0,
        0,
        0,
        0,
        0,
        0,
        0,
        0,
        0
    ],
    "model_name": "CatBoost",
    "prevalence": 0.23075356415478615
}