{
    "thresholds": [
        0.01,
        0.019999999999999997,
        0.03,
        0.039999999999999994,
        0.049999999999999996,
        0.05999999999999999,
        0.06999999999999999,
        0.07999999999999999,
        0.08999999999999998,
        0.09999999999999998,
        0.10999999999999997,
        0.11999999999999998,
        0.12999999999999998,
        0.13999999999999999,
        0.15,
        0.15999999999999998,
        0.16999999999999998,
        0.18,
        0.18999999999999997,
        0.19999999999999998,
        0.20999999999999996,
        0.21999999999999997,
        0.22999999999999998,
        0.23999999999999996,
        0.24999999999999997,
        0.25999999999999995,
        0.26999999999999996,
        0.27999999999999997,
        0.29,
        0.3
    ],
    "net_benefit_model": [
        0.009470791099907217,
        0.0033777809217274447,
        -0.0007325483749932998,
        -0.0060297515886770636,
        -0.00937243455258597,
        -0.012389837383384334,
        -0.015341682040960843,
        -0.018197573656845753,
        -0.021159083550764658,
        -0.02368573079145002,
        -0.026648881272759127,
        -0.029029462738301558,
        -0.0310763162612801,
        -0.03324130426020716,
        -0.03588541135691712,
        -0.038190146075761315,
        -0.03975172788206552,
        -0.041953755759394674,
        -0.043541519566938386,
        -0.04603552859618717,
        -0.047133799881534766,
        -0.049004577167488766,
        -0.05013054536451417,
        -0.05231232326917813,
        -0.05401502021952628,
        -0.05531875029275375,
        -0.05617150589966999,
        -0.05685538224533024,
        -0.05807113042204701,
        -0.059730131220599156
    ],
    "net_benefit_all": [
        0.008016905300668984,
        -0.0021053711758547977,
        -0.012436354383853303,
        -0.022982566408685103,
        -0.033750803949829156,
        -0.04474815292801881,
        -0.05598200403477171,
        -0.06746006929601922,
        -0.07919039972784361,
        -0.09118140416926407,
        -0.10344186938464908,
        -0.11598098153674738,
        -0.12880834914061803,
        -0.14193402761899732,
        -0.15536854559098554,
        -0.16912293303849724,
        -0.18320875150884058,
        -0.19763812652724108,
        -0.21242378241029342,
        -0.2275790796904221,
        -0.24311805538270587,
        -0.25905546634915083,
        -0.275406836041997,
        -0.2921885049372864,
        -0.3094176850031169,
        -0.3271125185842401,
        -0.34529214212648995,
        -0.36397675521158007,
        -0.38318769542582776,
        -0.40294751964619674
    ],
    "net_benefit_none": [
        0.0,
        0.0,
        0.0,
        0.0,
        0.0,
        0.0,
        0.0,
        0.0,
        0.0,
        0.0,
        0.0,
        0.0,
        0.0,
        0.0,
        0.0,
        0.0,
        0.0,
        0.0,
        0.0,
        0.0,
        0.0,
        0.0,
        0.0,
        0.0,
        0.0,
        0.0,
        0.0,
        0.0,
        0.0,
        0.0
    ]
}