{
    "thresholds": [
        0.01,
        0.03,
        0.05,
        0.06999999999999999,
        0.09,
        0.11,
        0.13,
        0.15000000000000002,
        0.17,
        0.19,
        0.21000000000000002,
        0.23,
        0.25,
        0.27,
        0.29000000000000004,
        0.31,
        0.33,
        0.35000000000000003,
        0.37,
        0.39,
        0.41000000000000003,
        0.43,
        0.45,
        0.47000000000000003,
        0.49,
        0.51,
        0.53,
        0.55,
        0.5700000000000001,
        0.59,
        0.61,
        0.63,
        0.65,
        0.67,
        0.6900000000000001,
        0.7100000000000001,
        0.73,
        0.75,
        0.77,
        0.79,
        0.81,
        0.8300000000000001,
        0.85,
        0.87,
        0.89,
        0.91,
        0.93,
        0.9500000000000001,
        0.97,
        0.99
    ],
    "net_benefits_model": [
        0.22298339813614762,
        0.20743135896305318,
        0.1921892307142602,
        0.18537838804575552,
        0.18238550315943391,
        0.174863650579342,
        0.17120272178913937,
        0.17190607403857672,
        0.17353323681692145,
        0.17639737497171304,
        0.1772297988261277,
        0.17771664859241235,
        0.17474541751527495,
        0.17219633773214665,
        0.17094174005335475,
        0.1711355116738983,
        0.17153438510097171,
        0.17178442738524202,
        0.1689630276188321,
        0.16705507885101223,
        0.16171079429735233,
        0.16223603816057455,
        0.15376164907733136,
        0.14505117268057743,
        0.13922899777697909,
        0.132495116172742,
        0.12209559301468995,
        0.1213396696085087,
        0.1208497134466916,
        0.1188349643170566,
        0.1169564990338921,
        0.10866773086732354,
        0.09951508098147609,
        0.08889300335328848,
        0.07875522852199811,
        0.05803778355221575,
        0.04238012622262453,
        0.02376103190767142,
        0.01487352046990761,
        0.005072252933760062,
        0.0,
        0.0,
        0.0,
        0.0,
        0.0,
        0.0,
        0.0,
        0.0,
        0.0,
        0.0
    ],
    "net_benefits_all": [
        0.22298339813614762,
        0.20696243727297542,
        0.190266909636617,
        0.17285329479009265,
        0.15467424632394083,
        0.13567816197166985,
        0.11580869443078867,
        0.09500419312327779,
        0.07319706524673031,
        0.05031304216640267,
        0.02627033437314702,
        0.0009786547464755435,
        -0.025661914460285096,
        -0.05376224088385462,
        -0.0834456842890336,
        -0.11484990702204906,
        -0.14812900872419982,
        -0.1834560551464829,
        -0.22102608864319656,
        -0.2610597308937932,
        -0.30380751838171843,
        -0.3495551506056382,
        -0.39862988335493416,
        -0.4514083695192714,
        -0.5083263447945368,
        -0.5698906853983956,
        -0.6366945443515188,
        -0.7094365241004754,
        -0.7889451996400323,
        -0.8762108191346676,
        -0.9724267585774713,
        -1.0790444212032804,
        -1.1978469595577539,
        -1.3310498055915572,
        -1.4814401156297226,
        -1.6525739167076345,
        -1.8490608735007916,
        -2.076985743380855,
        -2.3445497210661475,
        -2.6630782659295904,
        -3.048665451816916,
        -3.5249790343836125,
        -4.128309572301425,
        -4.917280275732414,
        -5.9931494167746715,
        -7.547182620502378,
        -9.989234797788775,
        -14.384928716904296,
        -24.641547861507107,
        -75.92464358452132
    ],
    "net_benefits_none": [
        0,
        0,
        0,
        0,
        0,
        0,
        0,
        0,
        0,
        0,
        0,
        0,
        0,
        0,
        0,
        0,
        0,
        0,
        0,
        0,
        0,
        0,
        0,
        0,
        0,
        0,
        0,
        0,
        0,
        0,
        0,
        0,
        0,
        0,
        0,
        0,
        0,
        0,
        0,
        0,
        0,
        0,
        0,
        0,
        0,
        0,
        0,
        0,
        0,
        0
    ],
    "model_name": "Ensemble_Voting",
    "prevalence": 0.23075356415478615
}