{"Isotonic": {"fraction_of_positives": [0.0005227391531625719, 0.0013635124079629125, 0.004145077720207254, 0.0015969338869370809, 0.011138613861386138, 0.1720532319391635], "mean_predicted_value": [0.0001929145660429831, 0.000954644696356523, 0.0016547337686885905, 0.0018503497657042232, 0.01193911793035191, 0.21956243184700605], "brier_score": 0.007730911226472047}, "Histogram": {"fraction_of_positives": [0.0, 0.0008227067050596463, 0.001515610791148833, 0.004018081366147665, 0.010040160642570281, 0.1346433770014556], "mean_predicted_value": [0.0, 0.0004963189342086501, 0.001084234653432008, 0.0028861384573554997, 0.01021457500730257, 0.17217714220661667], "brier_score": 0.007964072469703317}, "Sigmoid": {"fraction_of_positives": [0.000693000693000693, 0.0013879250520471894, 0.002079002079002079, 0.0013879250520471894, 0.0034674063800277394, 0.0, 0.005551700208188758, 0.1276005547850208], "mean_predicted_value": [0.000524334138616584, 0.000637707228940095, 0.0007272410595747818, 0.000916255575250194, 0.0013235736687650824, 0.002138340718925344, 0.004948230261870173, 0.168392483046352], "brier_score": 0.008262448910322552}, "Ensemble": {"fraction_of_positives": [0.0006934812760055479, 0.0006934812760055479, 0.0, 0.0006934812760055479, 0.0027739251040221915, 0.0027739251040221915, 0.004851004851004851, 0.1297709923664122], "mean_predicted_value": [0.0009348551235405982, 0.0010847514788838771, 0.0013041462907520006, 0.001698838430915154, 0.001981887812017905, 0.0025227223332359677, 0.0061001181004992034, 0.1512824777614387], "brier_score": 0.00849088747662883}, "Platt": {"fraction_of_positives": [0.000693000693000693, 0.0013879250520471894, 0.002079002079002079, 0.0013879250520471894, 0.0034674063800277394, 0.0, 0.005551700208188758, 0.1276005547850208], "mean_predicted_value": [0.0018934567928353024, 0.002180509200894196, 0.002393903502529352, 0.0028204588410931227, 0.0036612704508937085, 0.0051432684166329455, 0.009235021006979703, 0.11536351809902527], "brier_score": 0.009431587773383357}, "Adaptive": {"fraction_of_positives": [0.0, 0.0026041666666666665, 0.003463203463203463, 0.003898635477582846, 0.007802340702210663, 0.15684575389948008], "mean_predicted_value": [0.0, 0.0006092750251250891, 0.0008964304971055353, 0.0030176679477272542, 0.008820145490884607, 0.20831967967421006], "brier_score": 0.009553243857829718}, "Bayesian": {"fraction_of_positives": [0.0008671522719389525, 0.0017331022530329288, 0.0025996533795493936, 0.003469210754553339, 0.008658008658008658, 0.15684575389948008], "mean_predicted_value": [0.0017313019386982719, 0.0025951557093426203, 0.0034602076124566825, 0.004329004329004343, 0.009507346585998276, 0.1571518602714461], "brier_score": 0.013065545207654466}}