{
    "train_sizes": [
        1000,
        1500,
        2000,
        2500,
        3000,
        3500,
        4000,
        4500,
        5000,
        5500,
        6000,
        6500,
        7000,
        7500,
        8000
    ],
    "train_scores": [
        0.9972012590298029,
        0.995679187386984,
        0.9966276805088286,
        0.9961643912023697,
        0.9967310483097378,
        0.9965930156593734,
        0.9969052944387933,
        0.997066145421367,
        0.9969974262509298,
        0.9967950725877447,
        0.9956432808590645,
        0.995863184671796,
        0.9956228056830905,
        0.9954668970282373,
        0.995451204618939
    ],
    "test_scores": [
        0.8337129516271389,
        0.8337129516271389,
        0.8337129516271389,
        0.8337129516271389,
        0.8337129516271389,
        0.8337129516271389,
        0.8337129516271389,
        0.8337129516271389,
        0.8337129516271389,
        0.8337129516271389,
        0.8337129516271389,
        0.8337129516271389,
        0.8337129516271389,
        0.8337129516271389,
        0.8337129516271389
    ]
}