{"Isotonic": {"fraction_of_positives": [0.0012386968908708038, 0.001040582726326743, 0.0075394105551747775, 0.17545541706615533], "mean_predicted_value": [0.0009626139531340144, 0.0010828673720224492, 0.006520206419529341, 0.1886344787162126], "brier_score": 0.010324918465267785}, "Ensemble": {"fraction_of_positives": [0.0, 0.001601024655779699, 0.0, 0.005547850208044383, 0.12968099861303745], "mean_predicted_value": [0.0012076275833463816, 0.0015620631034251743, 0.0016740842586263863, 0.0034668973923384794, 0.13048085962177053], "brier_score": 0.01109898103942665}, "Sigmoid": {"fraction_of_positives": [0.0018167137666532096, 0.0011587485515643105, 0.0, 0.0006934812760055479, 0.0048543689320388345, 0.12968099861303745], "mean_predicted_value": [0.0018522061287356702, 0.001852209394398117, 0.0018523017421336507, 0.0018556942187427346, 0.00204988221251833, 0.12616524766321224], "brier_score": 0.011537451061711362}, "Platt": {"fraction_of_positives": [0.0018167137666532096, 0.0011587485515643105, 0.0, 0.0006934812760055479, 0.0048543689320388345, 0.12968099861303745], "mean_predicted_value": [0.002151323850847397, 0.0021513275348740853, 0.0021514317131397253, 0.00215525859114541, 0.0023736078424499494, 0.12643262696613436], "brier_score": 0.011549585988864566}, "Adaptive": {"fraction_of_positives": [0.0, 0.001906742936384122, 0.005851755526657998, 0.16031195840554593], "mean_predicted_value": [0.0, 0.0013710384388177597, 0.00644693373095294, 0.1617240318641747], "brier_score": 0.011690803765930815}, "Bayesian": {"fraction_of_positives": [0.0004306632213608958, 0.0017382235355466714, 0.0026019080659150044, 0.005199306759098787, 0.16031195840554593], "mean_predicted_value": [0.0012897633034789318, 0.0019113814074718767, 0.0034632034632035235, 0.006055363321799247, 0.16061206269178843], "brier_score": 0.013844776002670292}}