{
    "train_sizes": [
        1000,
        1500,
        2000,
        2500,
        3000,
        3500,
        4000,
        4500,
        5000,
        5500,
        6000,
        6500,
        7000,
        7500,
        8000,
        8500,
        9000,
        9228
    ],
    "train_scores": [
        0.7084209572153733,
        0.7128164033975173,
        0.6867830529158228,
        0.6839281870415446,
        0.704333981232718,
        0.7221351257574218,
        0.7769124001231746,
        0.7437641402714932,
        0.7640271866651408,
        0.7281994115080074,
        0.7671565943854335,
        0.7701080690522539,
        0.7739188199436223,
        0.7999168634388665,
        0.8018136152003104,
        0.782458384030177,
        0.7792703619909502,
        0.7996187483297228
    ],
    "test_scores": [
        0.609132086027521,
        0.6082606216445932,
        0.59516713826159,
        0.6361474818982861,
        0.6671328821801672,
        0.6923085199091955,
        0.6976341355826439,
        0.7065639558027694,
        0.7459842706058292,
        0.7275221362712083,
        0.7013136518661172,
        0.7148482468503555,
        0.6739432149504556,
        0.6789568248571767,
        0.6803877478563052,
        0.6886827977234338,
        0.7460918588012523,
        0.7117281891830828
    ]
}