{
    "thresholds": [
        0.0,
        0.01,
        0.02,
        0.03,
        0.04,
        0.05,
        0.06,
        0.07,
        0.08,
        0.09,
        0.1,
        0.11,
        0.12,
        0.13,
        0.14,
        0.15,
        0.16,
        0.17,
        0.18,
        0.19,
        0.2,
        0.21,
        0.22,
        0.23,
        0.24,
        0.25,
        0.26,
        0.27,
        0.28,
        0.29,
        0.3,
        0.31,
        0.32,
        0.33,
        0.34,
        0.35000000000000003,
        0.36,
        0.37,
        0.38,
        0.39,
        0.4,
        0.41000000000000003,
        0.42,
        0.43,
        0.44,
        0.45,
        0.46,
        0.47000000000000003,
        0.48,
        0.49,
        0.5,
        0.51,
        0.52,
        0.53,
        0.54,
        0.55,
        0.56,
        0.5700000000000001,
        0.58,
        0.59,
        0.6,
        0.61,
        0.62,
        0.63,
        0.64,
        0.65,
        0.66,
        0.67,
        0.68,
        0.6900000000000001,
        0.7000000000000001,
        0.71,
        0.72,
        0.73,
        0.74,
        0.75,
        0.76,
        0.77,
        0.78,
        0.79,
        0.8,
        0.81,
        0.8200000000000001,
        0.8300000000000001,
        0.84,
        0.85,
        0.86,
        0.87,
        0.88,
        0.89,
        0.9,
        0.91,
        0.92,
        0.93,
        0.9400000000000001,
        0.9500000000000001,
        0.96,
        0.97,
        0.98,
        0.99,
        1.0
    ],
    "sensitivity": [
        1.0,
        0.6829268292682927,
        0.6341463414634146,
        0.6097560975609756,
        0.6097560975609756,
        0.6097560975609756,
        0.6097560975609756,
        0.5609756097560976,
        0.5609756097560976,
        0.5609756097560976,
        0.5609756097560976,
        0.5609756097560976,
        0.5609756097560976,
        0.5609756097560976,
        0.5609756097560976,
        0.5609756097560976,
        0.5609756097560976,
        0.5609756097560976,
        0.5609756097560976,
        0.5609756097560976,
        0.5365853658536586,
        0.5365853658536586,
        0.5365853658536586,
        0.5365853658536586,
        0.5365853658536586,
        0.5365853658536586,
        0.5365853658536586,
        0.4878048780487805,
        0.4878048780487805,
        0.4878048780487805,
        0.4878048780487805,
        0.4878048780487805,
        0.4878048780487805,
        0.4878048780487805,
        0.4878048780487805,
        0.4634146341463415,
        0.4634146341463415,
        0.4634146341463415,
        0.4634146341463415,
        0.4634146341463415,
        0.4634146341463415,
        0.4634146341463415,
        0.4634146341463415,
        0.43902439024390244,
        0.43902439024390244,
        0.43902439024390244,
        0.43902439024390244,
        0.43902439024390244,
        0.43902439024390244,
        0.43902439024390244,
        0.43902439024390244,
        0.43902439024390244,
        0.43902439024390244,
        0.43902439024390244,
        0.43902439024390244,
        0.43902439024390244,
        0.43902439024390244,
        0.43902439024390244,
        0.43902439024390244,
        0.43902439024390244,
        0.43902439024390244,
        0.43902439024390244,
        0.43902439024390244,
        0.43902439024390244,
        0.43902439024390244,
        0.43902439024390244,
        0.43902439024390244,
        0.43902439024390244,
        0.43902439024390244,
        0.43902439024390244,
        0.43902439024390244,
        0.43902439024390244,
        0.43902439024390244,
        0.43902439024390244,
        0.4146341463414634,
        0.3902439024390244,
        0.3902439024390244,
        0.36585365853658536,
        0.36585365853658536,
        0.36585365853658536,
        0.36585365853658536,
        0.36585365853658536,
        0.36585365853658536,
        0.36585365853658536,
        0.36585365853658536,
        0.34146341463414637,
        0.3170731707317073,
        0.3170731707317073,
        0.3170731707317073,
        0.3170731707317073,
        0.3170731707317073,
        0.2926829268292683,
        0.2682926829268293,
        0.2682926829268293,
        0.24390243902439024,
        0.24390243902439024,
        0.21951219512195122,
        0.14634146341463414,
        0.12195121951219512,
        0.07317073170731707,
        0.0
    ],
    "specificity": [
        0.0,
        0.8178209086898985,
        0.8438464931627702,
        0.8575209528010587,
        0.8650198500220556,
        0.8716365240405822,
        0.8769298632554036,
        0.8813409792677548,
        0.8879576532862814,
        0.890163211292457,
        0.8932509925011027,
        0.8945743273048081,
        0.8976621085134538,
        0.9025143361270401,
        0.905602117335686,
        0.9082487869430966,
        0.9108954565505073,
        0.9122187913542126,
        0.9131010145566828,
        0.9148654609616232,
        0.9157476841640935,
        0.9183943537715042,
        0.92148213498015,
        0.92148213498015,
        0.9228054697838554,
        0.9232465813850904,
        0.9232465813850904,
        0.9250110277900309,
        0.925452139391266,
        0.9263343625937362,
        0.9272165857962065,
        0.9280988089986767,
        0.9280988089986767,
        0.9289810322011469,
        0.9298632554036171,
        0.9303043670048522,
        0.9316277018085576,
        0.9325099250110278,
        0.933392148213498,
        0.9351565946184385,
        0.9360388178209087,
        0.937362152624614,
        0.9386854874283194,
        0.9391265990295545,
        0.9404499338332598,
        0.9417732686369652,
        0.9435377150419056,
        0.9448610498456109,
        0.9457432730480811,
        0.9470666078517865,
        0.9470666078517865,
        0.9475077194530216,
        0.9479488310542568,
        0.9483899426554918,
        0.9497132774591972,
        0.9501543890604323,
        0.9514777238641376,
        0.9523599470666079,
        0.9523599470666079,
        0.9528010586678429,
        0.9536832818703131,
        0.9541243934715483,
        0.9545655050727834,
        0.9554477282752536,
        0.9558888398764888,
        0.9558888398764888,
        0.956771063078959,
        0.9585355094838994,
        0.9594177326863697,
        0.9594177326863697,
        0.9616232906925453,
        0.9629466254962505,
        0.9642699602999559,
        0.964711071901191,
        0.964711071901191,
        0.9651521835024262,
        0.9651521835024262,
        0.9651521835024262,
        0.9655932951036612,
        0.9660344067048964,
        0.9682399647110719,
        0.968681076312307,
        0.968681076312307,
        0.9695632995147773,
        0.9704455227172475,
        0.9717688575209528,
        0.9735333039258932,
        0.9735333039258932,
        0.9744155271283634,
        0.9757388619320688,
        0.9757388619320688,
        0.9775033083370093,
        0.9805910895456551,
        0.9819144243493604,
        0.9827966475518306,
        0.9836788707543008,
        0.9867666519629467,
        0.9885310983678871,
        0.9916188795765328,
        0.9951477723864137,
        1.0
    ],