{
    "train_sizes": [
        1000,
        1500,
        2000,
        2500,
        3000,
        3500,
        4000,
        4500,
        5000,
        5500,
        6000,
        6500,
        7000,
        7500,
        8000
    ],
    "train_scores": [
        0.5615326841396457,
        0.7140453514739228,
        0.7069429298436931,
        0.7300208633450895,
        0.7084518483444558,
        0.6865886850869587,
        0.7647609554834722,
        0.7715356334841629,
        0.7712134093982106,
        0.789080618534207,
        0.7788575300064562,
        0.759313608661605,
        0.8021711000704721,
        0.7944886468561373,
        0.7768047228758752
    ],
    "test_scores": [
        0.6437614478641726,
        0.5900122426899752,
        0.6023972895253822,
        0.6555391054294907,
        0.6041767502775959,
        0.6477474399491312,
        0.7083297744118289,
        0.6786720952082681,
        0.7108921978950166,
        0.722356670367945,
        0.7060615551063406,
        0.7340109519877762,
        0.6911757727604894,
        0.7176588939821009,
        0.733859104670254
    ]
}