{"Ensemble": {"fraction_of_positives": [0.0, 0.0, 0.008976660682226212, 0.0, 0.020833333333333332, 0.08650519031141868], "mean_predicted_value": [0.005727193307331954, 0.006687146421929614, 0.007440731596696936, 0.0076056379737031, 0.012093167552040826, 0.0922514244394508], "brier_score": 0.015169750126040396}, "Adaptive": {"fraction_of_positives": [0.0, 0.01282051282051282, 0.009249743062692703, 0.025974025974025976, 0.1], "mean_predicted_value": [0.0, 0.0032256517608821073, 0.007411771831498545, 0.02192104429992212, 0.1290500240073331], "brier_score": 0.01572052051973104}, "Isotonic": {"fraction_of_positives": [0.006903876792352629, 0.023809523809523808, 0.10697674418604651], "mean_predicted_value": [0.004715841203317654, 0.02107533806327152, 0.1325882460011162], "brier_score": 0.015788210879446325}, "Sigmoid": {"fraction_of_positives": [0.009249743062692703, 0.0, 0.007017543859649123, 0.006920415224913495, 0.017361111111111112, 0.07958477508650519], "mean_predicted_value": [0.008148385504720182, 0.008148396351385439, 0.008148719229720132, 0.008162344043046572, 0.008726656702078167, 0.08737476565202414], "brier_score": 0.016479199857320725}, "Platt": {"fraction_of_positives": [0.009249743062692703, 0.0, 0.007017543859649123, 0.006920415224913495, 0.017361111111111112, 0.07958477508650519], "mean_predicted_value": [0.010710135368254834, 0.010710146693682062, 0.010710483820699728, 0.010724704938472463, 0.01130542955136736, 0.06709023636523014], "brier_score": 0.016514345750817536}, "Bayesian": {"fraction_of_positives": [0.006545454545454545, 0.008298755186721992, 0.008695652173913044, 0.021645021645021644, 0.09956709956709957], "mean_predicted_value": [0.007981064946932447, 0.012345679012345725, 0.012931034482758591, 0.025751072961373453, 0.10444344927103523], "brier_score": 0.016591516448298826}}