{
    "original": {
        "prob_true": [
            0.00881057268722467,
            0.019230769230769232,
            0.07142857142857142,
            0.047619047619047616,
            0.038461538461538464,
            0.0,
            0.0,
            0.16666666666666666,
            0.10526315789473684,
            0.19117647058823528
        ],
        "prob_pred": [
            0.0036270909314055216,
            0.14212000370025635,
            0.2390632884843009,
            0.35598263286408927,
            0.4436527949113112,
            0.5510244369506836,
            0.6602436800797781,
            0.7496029999521043,
            0.8510694566525911,
            0.960376625551897
        ],
        "brier": 0.04859613535420901,
        "auc": 0.8085799841961092
    },
    "platt": {
        "prob_true": [
            0.01170643854119766,
            0.1724137931034483
        ],
        "prob_pred": [
            0.01295115505246056,
            0.14280555137814385
        ],
        "brier": 0.016514345750817536,
        "auc": 0.8085799841961092
    },
    "isotonic": {
        "prob_true": [
            0.010407239819004524,
            0.16666666666666666,
            0.1875
        ],
        "prob_pred": [
            0.009302610507628368,
            0.1200935965974273,
            0.238647111359523
        ],
        "brier": 0.015788210879446325,
        "auc": 0.8415610799250838
    },
    "beta": {
        "prob_true": [
            0.01776429809358752
        ],
        "prob_pred": [
            0.017765056105051184
        ],
        "brier": 0.01713064509259491,
        "auc": 0.8085799841961092
    },
    "adaptive": {
        "prob_true": [
            0.01791958041958042,
            0.0
        ],
        "prob_pred": [
            0.009998809500123655,
            0.10710197928982254
        ],
        "brier": 0.0172934201927106,
        "auc": 0.7849682150473107
    },
    "histogram": {
        "prob_true": [
            0.009655172413793104,
            0.15789473684210525,
            0.10526315789473684
        ],
        "prob_pred": [
            0.007504509277242914,
            0.14183378591020787,
            0.40807641601340267
        ],
        "brier": 0.015216414973907027,
        "auc": 0.8104249884264682
    },
    "temperature": {
        "prob_true": [
            0.007004310344827586,
            0.022727272727272728,
            0.024390243902439025,
            0.05660377358490566,
            0.0425531914893617,
            0.0,
            0.16129032258064516,
            0.14814814814814814,
            0.18181818181818182,
            0.23076923076923078
        ],
        "prob_pred": [
            0.009691962296292642,
            0.14043021331422395,
            0.2483625695556476,
            0.3449877781469313,
            0.45480314186538684,
            0.5540240245581484,
            0.6529573096264693,
            0.7507564331109738,
            0.8435038625669886,
            0.941722497946359
        ],
        "brier": 0.045237673857065785,
        "auc": 0.8085799841961092
    },
    "conservative": {
        "prob_true": [
            0.01210762331838565,
            0.16923076923076924,
            0.3,
            0.0,
            0.0,
            0.0
        ],
        "prob_pred": [
            0.00956813794572563,
            0.13748969635900882,
            0.2400773673276783,
            0.3800261313191201,
            0.45489185237578444,
            0.5641893548281757
        ],
        "brier": 0.016862572039105413,
        "auc": 0.8085799841961092
    },
    "bbq": {
        "prob_true": [
            0.010365029292474088,
            0.18181818181818182,
            0.5,
            0.21052631578947367
        ],
        "prob_pred": [
            0.0070433739201602305,
            0.13924539331298255,
            0.3964751601167125,
            0.6339967908898231
        ],
        "brier": 0.012753526105182609,
        "auc": 0.865410146725315
    },
    "sigmoid": {
        "prob_true": [
            0.010449795547478418,
            0.13636363636363635,
            0.19047619047619047
        ],
        "prob_pred": [
            0.007258980365290672,
            0.15007207046156373,
            0.23026884282573298
        ],
        "brier": 0.016491835162440713,
        "auc": 0.8085799841961092
    },
    "kernel": {
        "prob_true": [
            0.010407239819004524,
            0.1836734693877551
        ],
        "prob_pred": [
            0.010547827347669828,
            0.1659971604204079
        ],
        "brier": 0.016269121328112812,
        "auc": 0.8104807031450021
    },
    "ensemble": {
        "prob_true": [
            0.009541117673784643,
            0.1935483870967742,
            0.14285714285714285
        ],
        "prob_pred": [
            0.011568085971107395,
            0.16005938939952027,
            0.23865710628741207
        ],
        "brier": 0.015209471029174219,
        "auc": 0.8230961798216234
    }
}