{
    "train_sizes": [
        1000,
        1500,
        2000,
        2500,
        3000,
        3500,
        4000,
        4500,
        5000,
        5500,
        6000,
        6500,
        7000,
        7500,
        8000
    ],
    "train_scores_mean": [
        0.7158171898200905,
        0.7701684000153733,
        0.7624430726489069,
        0.7189912117298364,
        0.6976550806909415,
        0.7324300727411447,
        0.7463795539317492,
        0.7259134615384616,
        0.7545990528737346,
        0.7402151809655704,
        0.7659216987272041,
        0.756318746016043,
        0.7618163531712474,
        0.7819902330887123,
        0.7780147648130986
    ],
    "train_scores_std": [
        0.008786832646803694,
        0.03225706166371601,
        0.03279548316465506,
        0.026498922452609815,
        0.021011752126395368,
        0.01298476754883435,
        0.010257313952033721,
        0.021537277053922405,
        0.014633040735250383,
        0.009512635269816294,
        0.0060049849762716465,
        0.015826885281851978,
        0.00813218597398565,
        0.005465343328793522,
        0.0038238587745141922
    ],
    "val_scores_mean": [
        0.6919061400583127,
        0.6487654254575188,
        0.6554143759346724,
        0.6687811333340505,
        0.6851065661075666,
        0.694378516789138,
        0.6746382346928895,
        0.6962118196391491,
        0.689616663259707,
        0.7082789116378151,
        0.7125566182878414,
        0.7121004443392471,
        0.7008338085145298,
        0.69630864901503,
        0.697175809870141
    ],
    "val_scores_std": [
        0.02589084888867459,
        0.022061438484336622,
        0.02778434128318888,
        0.017400739260412298,
        0.011513845989981323,
        0.014946745024175765,
        0.006946882884260611,
        0.014889193841438629,
        0.004618923498637005,
        0.015582330657344661,
        0.015663474543121704,
        0.0037589529486711432,
        0.012230540026492459,
        0.011804753303204064,
        0.008416558307939036
    ],
    "n_cv": 5,
    "n_resample": 5
}