{
    "thresholds": [
        0.01,
        0.03,
        0.05,
        0.06999999999999999,
        0.09,
        0.11,
        0.13,
        0.15000000000000002,
        0.17,
        0.19,
        0.21000000000000002,
        0.23,
        0.25,
        0.27,
        0.29000000000000004,
        0.31,
        0.33,
        0.35000000000000003,
        0.37,
        0.39,
        0.41000000000000003,
        0.43,
        0.45,
        0.47000000000000003,
        0.49,
        0.51,
        0.53,
        0.55,
        0.5700000000000001,
        0.59,
        0.61,
        0.63,
        0.65,
        0.67,
        0.6900000000000001,
        0.7100000000000001,
        0.73,
        0.75,
        0.77,
        0.79,
        0.81,
        0.8300000000000001,
        0.85,
        0.87,
        0.89,
        0.91,
        0.93,
        0.9500000000000001,
        0.97,
        0.99
    ],
    "net_benefits_model": [
        0.2109719050655914,
        0.20703872453300298,
        0.20534176581984492,
        0.20353313039733117,
        0.20018053908074274,
        0.19660785525221783,
        0.19199928209690129,
        0.19002436004951878,
        0.18781766577511677,
        0.18613227393494422,
        0.18450419792552872,
        0.182825050034826,
        0.1813306177868296,
        0.17932650726780683,
        0.1780098103898339,
        0.1763914716097484,
        0.17501291911116515,
        0.1736539767089665,
        0.17223676979277794,
        0.17078561650696136,
        0.16905427641041573,
        0.16738009313848096,
        0.16567302351416405,
        0.16236790531452946,
        0.1592228744858432,
        0.15618133200326975,
        0.1532637113431844,
        0.15040356038319377,
        0.14735786798023334,
        0.1440050999287997,
        0.14099604853169007,
        0.13797544999174327,
        0.13444864707593832,
        0.1313213602419305,
        0.12691456978297525,
        0.12302127958424043,
        0.11745744386613363,
        0.11344195519348269,
        0.10803742731485583,
        0.09644715999094816,
        0.09150319791331687,
        0.08357893055389158,
        0.0740665308893415,
        0.062008459971800114,
        0.04402888354008515,
        0.027427019687712106,
        0.005023761031907575,
        -0.01174473862864922,
        -0.047544693369540494,
        -0.07671418873048189
    ],
    "net_benefits_all": [
        0.22298339813614762,
        0.20696243727297542,
        0.190266909636617,
        0.17285329479009265,
        0.15467424632394083,
        0.13567816197166985,
        0.11580869443078867,
        0.09500419312327779,
        0.07319706524673031,
        0.05031304216640267,
        0.02627033437314702,
        0.0009786547464755435,
        -0.025661914460285096,
        -0.05376224088385462,
        -0.0834456842890336,
        -0.11484990702204906,
        -0.14812900872419982,
        -0.1834560551464829,
        -0.22102608864319656,
        -0.2610597308937932,
        -0.30380751838171843,
        -0.3495551506056382,
        -0.39862988335493416,
        -0.4514083695192714,
        -0.5083263447945368,
        -0.5698906853983956,
        -0.6366945443515188,
        -0.7094365241004754,
        -0.7889451996400323,
        -0.8762108191346676,
        -0.9724267585774713,
        -1.0790444212032804,
        -1.1978469595577539,
        -1.3310498055915572,
        -1.4814401156297226,
        -1.6525739167076345,
        -1.8490608735007916,
        -2.076985743380855,
        -2.3445497210661475,
        -2.6630782659295904,
        -3.048665451816916,
        -3.5249790343836125,
        -4.128309572301425,
        -4.917280275732414,
        -5.9931494167746715,
        -7.547182620502378,
        -9.989234797788775,
        -14.384928716904296,
        -24.641547861507107,
        -75.92464358452132
    ],
    "net_benefits_none": [
        0,
        0,
        0,
        0,
        0,
        0,
        0,
        0,
        0,
        0,
        0,
        0,
        0,
        0,
        0,
        0,
        0,
        0,
        0,
        0,
        0,
        0,
        0,
        0,
        0,
        0,
        0,
        0,
        0,
        0,
        0,
        0,
        0,
        0,
        0,
        0,
        0,
        0,
        0,
        0,
        0,
        0,
        0,
        0,
        0,
        0,
        0,
        0,
        0,
        0
    ],
    "model_name": "FNN",
    "prevalence": 0.23075356415478615
}