{
    "train_sizes": [
        738.0,
        1476.0,
        2214.0,
        2952.4,
        3691.0,
        4429.0,
        5167.4,
        5905.4,
        6643.4,
        7382.4
    ],
    "train_scores": [
        0.9967744760017169,
        0.9789593932920434,
        0.9736111982351592,
        0.9519406850212115,
        0.9537626131596726,
        0.9460194148430128,
        0.9425685192513891,
        0.9358597066141725,
        0.9350082170006564,
        0.926954514262744
    ],
    "test_scores": [
        0.7444823271987416,
        0.7036914210282232,
        0.7905777974309195,
        0.7772895759029865,
        0.8155905981237108,
        0.7940137597865838,
        0.8246057215280252,
        0.8093264738694019,
        0.8117236431362496,
        0.8219093770861747
    ]
}