{
    "prob_pred": [
        0.0071115240337965915,
        0.1374977734579532,
        0.23287260259036424,
        0.36340231194471734,
        0.43907416616584277,
        0.5402354220949045,
        0.6693907261002819,
        0.7601634118900018,
        0.8447125982561892,
        0.9646089146107302
    ],
    "prob_true": [
        0.006061955853584217,
        0.018278021638225447,
        0.17526663277660498,
        0.008318051017565017,
        0.057637103917153536,
        0.0,
        0.0,
        0.1295827078506696,
        0.40807641601340255,
        0.13131025198098076
    ]
}