{
    "train_sizes": [
        1000,
        1500,
        2000,
        2500,
        3000,
        3500,
        4000,
        4500,
        5000,
        5500,
        6000,
        6500,
        7000,
        7500,
        8000
    ],
    "train_scores_mean": [
        0.890106169837462,
        0.8721715946017055,
        0.8592689481224619,
        0.8513370002816586,
        0.8475613339773692,
        0.8443124614019326,
        0.8447906991957964,
        0.8375944924175727,
        0.8318916160073466,
        0.8323366250678114,
        0.833266248064028,
        0.8290222951975705,
        0.8271163216376869,
        0.8287622164736129,
        0.8218428839332534
    ],
    "train_scores_std": [
        0.03997560858472247,
        0.03780809257474126,
        0.04032657392325676,
        0.03201883096194712,
        0.024356465704423923,
        0.026633177612966793,
        0.014237022796959282,
        0.014678957307739498,
        0.011177943882250654,
        0.007016156374464699,
        0.010625392958692692,
        0.010205200812578754,
        0.007980376386638083,
        0.006710427041538628,
        0.004485289153424736
    ],
    "test_scores_mean": [
        0.565545956297675,
        0.5723613098504166,
        0.5892167938000509,
        0.5989779121434796,
        0.6043946191557196,
        0.611098080985221,
        0.6258010837717551,
        0.6326106992874075,
        0.6401354176753061,
        0.6403943465989578,
        0.6441154636513281,
        0.6421767243698021,
        0.6436521171563722,
        0.6448190904493959,
        0.6474808224041658
    ],
    "test_scores_std": [
        0.021588053600503334,
        0.026179247115672707,
        0.01591826756588929,
        0.020153974437374687,
        0.00848462498203898,
        0.010554926458052682,
        0.00761756159088963,
        0.013471623409876489,
        0.010109028266972742,
        0.003748391805876941,
        0.0035273315609835724,
        0.0028886466769355123,
        0.006625417077040388,
        0.0015643229887716912,
        0.0037698134011630675
    ]
}