{"Isotonic": {"fraction_of_positives": [0.001736111111111111, 0.009329940627650551, 0.0052888527257933275, 0.009384775808133473, 0.013597733711048159, 0.03859649122807018, 0.08997429305912596], "mean_predicted_value": [0.0011877428151525979, 0.0040635756849893125, 0.005491531357744106, 0.01671781399515087, 0.019224983598743035, 0.034011867178171055, 0.0727954120524041], "brier_score": 0.01502817427227495}, "Ensemble": {"fraction_of_positives": [0.0013869625520110957, 0.0013869625520110957, 0.005547850208044383, 0.013176144244105409, 0.009708737864077669, 0.01386001386001386, 0.018043025676613464, 0.07905686546463246], "mean_predicted_value": [0.006555916778869546, 0.007283601422790084, 0.007972951199845328, 0.010125028117019015, 0.012627863695175158, 0.014680334192792008, 0.022448683776171898, 0.059047350219754685], "brier_score": 0.015286683754480864}, "Histogram": {"fraction_of_positives": [0.007927027907481812, 0.024175824175824177, 0.0776287932251235], "mean_predicted_value": [0.009073094150834224, 0.0242999631371706, 0.06842528615417794], "brier_score": 0.015336311469696372}, "Adaptive": {"fraction_of_positives": [0.0, 0.004554326610279766, 0.005198180636777128, 0.011274934952298352, 0.009746588693957114, 0.018205461638491547, 0.033203125, 0.07192374350086655], "mean_predicted_value": [0.0, 0.0020783559525645074, 0.003793640583344893, 0.009477933210944728, 0.014150351440577255, 0.02236563670840358, 0.03285571064472134, 0.06404933733225233], "brier_score": 0.015401567395213674}, "Sigmoid": {"fraction_of_positives": [0.0020804438280166435, 0.0076282940360610264, 0.0048543689320388345, 0.008316008316008316, 0.008327550312283136, 0.013869625520110958, 0.024965325936199722, 0.07212205270457697], "mean_predicted_value": [0.011593975919742682, 0.011601228050511366, 0.011620810369588572, 0.011648027432946757, 0.01172491582186531, 0.012011129279953013, 0.013116910245222163, 0.05157576535734453], "brier_score": 0.015540786886240136}, "Platt": {"fraction_of_positives": [0.0020804438280166435, 0.0076282940360610264, 0.0048543689320388345, 0.008316008316008316, 0.008327550312283136, 0.013869625520110958, 0.024965325936199722, 0.07212205270457697], "mean_predicted_value": [0.011407072285510156, 0.011414892105586463, 0.01143600886480179, 0.011465364843877553, 0.011548337573694712, 0.011857688061343434, 0.013061194898895215, 0.05920970374755503], "brier_score": 0.01556047009815157}, "Bayesian": {"fraction_of_positives": [0.002600780234070221, 0.006932409012131715, 0.007805724197745013, 0.008665511265164644, 0.010403120936280884, 0.017346053772766695, 0.03295750216825672, 0.07792207792207792], "mean_predicted_value": [0.0034617048885343094, 0.007785467128027712, 0.008658008658008686, 0.009515570934256175, 0.011250542186328257, 0.018181818181818313, 0.033766233766233805, 0.0789401678675049], "brier_score": 0.015568818477499012}}