{
    "thresholds": [
        0.0,
        0.01,
        0.02,
        0.03,
        0.04,
        0.05,
        0.06,
        0.07,
        0.08,
        0.09,
        0.1,
        0.11,
        0.12,
        0.13,
        0.14,
        0.15,
        0.16,
        0.17,
        0.18,
        0.19,
        0.2,
        0.21,
        0.22,
        0.23,
        0.24,
        0.25,
        0.26,
        0.27,
        0.28,
        0.29,
        0.3,
        0.31,
        0.32,
        0.33,
        0.34,
        0.35000000000000003,
        0.36,
        0.37,
        0.38,
        0.39,
        0.4,
        0.41000000000000003,
        0.42,
        0.43,
        0.44,
        0.45,
        0.46,
        0.47000000000000003,
        0.48,
        0.49,
        0.5,
        0.51,
        0.52,
        0.53,
        0.54,
        0.55,
        0.56,
        0.5700000000000001,
        0.58,
        0.59,
        0.6,
        0.61,
        0.62,
        0.63,
        0.64,
        0.65,
        0.66,
        0.67,
        0.68,
        0.6900000000000001,
        0.7000000000000001,
        0.71,
        0.72,
        0.73,
        0.74,
        0.75,
        0.76,
        0.77,
        0.78,
        0.79,
        0.8,
        0.81,
        0.8200000000000001,
        0.8300000000000001,
        0.84,
        0.85,
        0.86,
        0.87,
        0.88,
        0.89,
        0.9,
        0.91,
        0.92,
        0.93,
        0.9400000000000001,
        0.9500000000000001,
        0.96,
        0.97,
        0.98,
        0.99,
        1.0
    ],
    "sensitivity": [
        1.0,
        0.6829268292682927,
        0.6585365853658537,
        0.5853658536585366,
        0.5853658536585366,
        0.4878048780487805,
        0.43902439024390244,
        0.43902439024390244,
        0.43902439024390244,
        0.4146341463414634,
        0.34146341463414637,
        0.34146341463414637,
        0.34146341463414637,
        0.34146341463414637,
        0.34146341463414637,
        0.34146341463414637,
        0.34146341463414637,
        0.34146341463414637,
        0.34146341463414637,
        0.34146341463414637,
        0.34146341463414637,
        0.3170731707317073,
        0.3170731707317073,
        0.3170731707317073,
        0.2926829268292683,
        0.2926829268292683,
        0.2926829268292683,
        0.2926829268292683,
        0.2926829268292683,
        0.2926829268292683,
        0.2926829268292683,
        0.2926829268292683,
        0.2926829268292683,
        0.2926829268292683,
        0.2926829268292683,
        0.2926829268292683,
        0.2926829268292683,
        0.2926829268292683,
        0.2926829268292683,
        0.2926829268292683,
        0.2926829268292683,
        0.2926829268292683,
        0.2926829268292683,
        0.2926829268292683,
        0.2926829268292683,
        0.2926829268292683,
        0.2926829268292683,
        0.2926829268292683,
        0.2926829268292683,
        0.2926829268292683,
        0.2926829268292683,
        0.2926829268292683,
        0.2926829268292683,
        0.2926829268292683,
        0.2926829268292683,
        0.2926829268292683,
        0.2682926829268293,
        0.2682926829268293,
        0.2682926829268293,
        0.2682926829268293,
        0.2682926829268293,
        0.2682926829268293,
        0.24390243902439024,
        0.24390243902439024,
        0.24390243902439024,
        0.24390243902439024,
        0.21951219512195122,
        0.21951219512195122,
        0.21951219512195122,
        0.21951219512195122,
        0.21951219512195122,
        0.21951219512195122,
        0.21951219512195122,
        0.21951219512195122,
        0.21951219512195122,
        0.21951219512195122,
        0.21951219512195122,
        0.21951219512195122,
        0.21951219512195122,
        0.21951219512195122,
        0.21951219512195122,
        0.21951219512195122,
        0.21951219512195122,
        0.1951219512195122,
        0.1951219512195122,
        0.1951219512195122,
        0.17073170731707318,
        0.17073170731707318,
        0.17073170731707318,
        0.17073170731707318,
        0.17073170731707318,
        0.17073170731707318,
        0.17073170731707318,
        0.14634146341463414,
        0.14634146341463414,
        0.14634146341463414,
        0.0975609756097561,
        0.07317073170731707,
        0.07317073170731707,
        0.07317073170731707,
        0.0
    ],
    "specificity": [
        0.0,
        0.6457873842082047,
        0.717247463608293,
        0.7626819585355095,
        0.7926775474194971,
        0.811645346272607,
        0.8297309219232466,
        0.8442876047640053,
        0.855315394794883,
        0.8619320688134098,
        0.8663431848257609,
        0.8689898544331716,
        0.8711954124393472,
        0.8756065284516983,
        0.8778120864578739,
        0.8800176444640494,
        0.8831054256726952,
        0.8857520952801059,
        0.8875165416850463,
        0.8910454344949272,
        0.8936921041023379,
        0.8958976621085134,
        0.8972209969122188,
        0.898103220114689,
        0.9007498897220997,
        0.9025143361270401,
        0.9047198941332157,
        0.9064843405381562,
        0.9082487869430966,
        0.9091310101455669,
        0.9100132333480371,
        0.9104543449492721,
        0.9126599029554477,
        0.9144243493603882,
        0.9148654609616232,
        0.9153065725628584,
        0.9166299073665637,
        0.9175121305690339,
        0.9179532421702691,
        0.9179532421702691,
        0.9188354653727393,
        0.9188354653727393,
        0.9192765769739745,
        0.9201588001764447,
        0.9201588001764447,
        0.9210410233789149,
        0.9223643581826202,
        0.9236876929863256,
        0.9241288045875606,
        0.9250110277900309,
        0.9258932509925011,
        0.9263343625937362,
        0.9272165857962065,
        0.9276576973974415,
        0.9280988089986767,
        0.9285399205999118,
        0.9285399205999118,
        0.9289810322011469,
        0.9289810322011469,
        0.9303043670048522,
        0.9316277018085576,
        0.933392148213498,
        0.9355977062196735,
        0.937362152624614,
        0.937362152624614,
        0.937362152624614,
        0.9378032642258491,
        0.9378032642258491,
        0.9386854874283194,
        0.9400088222320248,
        0.9400088222320248,
        0.9404499338332598,
        0.9422143802382003,
        0.9422143802382003,
        0.9422143802382003,
        0.9422143802382003,
        0.9430966034406705,
        0.9435377150419056,
        0.9439788266431407,
        0.9444199382443759,
        0.9453021614468461,
        0.9461843846493163,
        0.9466254962505514,
        0.9475077194530216,
        0.9479488310542568,
        0.948831054256727,
        0.9497132774591972,
        0.9501543890604323,
        0.9505955006616674,
        0.9514777238641376,
        0.9528010586678429,
        0.9536832818703131,
        0.9554477282752536,
        0.957212174680194,
        0.9576532862814292,
        0.9589766210851345,
        0.9598588442876048,
        0.9642699602999559,
        0.9664755183061314,
        0.9717688575209528,
        1.0
    ],