{
    "prob_pred": [
        0.03896764634311114,
        0.12988671956259157,
        0.25637076367994366,
        0.3366993456889957,
        0.45441066876153546,
        0.5395210908429587,
        0.6464512006766884,
        0.7104787374433427,
        NaN,
        NaN
    ],
    "prob_true": [
        0.013832496665676182,
        0.0,
        0.0019094638663400083,
        0.004739677403167975,
        0.0,
        0.0,
        0.01612366826552647,
        0.03922868454923781,
        NaN,
        NaN
    ]
}