{
    "train_sizes": [
        922,
        1845,
        2768,
        3691,
        4614,
        5536,
        6459,
        7382,
        8305,
        9228
    ],
    "train_scores": [
        1.0,
        1.0,
        1.0,
        1.0,
        1.0,
        1.0,
        1.0,
        1.0,
        1.0,
        1.0
    ],
    "test_scores": [
        0.7044498477627035,
        0.7191948099454528,
        0.7401260933650361,
        0.7439454743025595,
        0.7417076398377569,
        0.7685347563665316,
        0.7856520382583623,
        0.774807148159704,
        0.795867537413795,
        0.8011716354481586
    ]
}