{
    "thresholds": [
        0.0,
        0.01,
        0.02,
        0.03,
        0.04,
        0.05,
        0.06,
        0.07,
        0.08,
        0.09,
        0.1,
        0.11,
        0.12,
        0.13,
        0.14,
        0.15,
        0.16,
        0.17,
        0.18,
        0.19,
        0.2,
        0.21,
        0.22,
        0.23,
        0.24,
        0.25,
        0.26,
        0.27,
        0.28,
        0.29,
        0.3,
        0.31,
        0.32,
        0.33,
        0.34,
        0.35000000000000003,
        0.36,
        0.37,
        0.38,
        0.39,
        0.4,
        0.41000000000000003,
        0.42,
        0.43,
        0.44,
        0.45,
        0.46,
        0.47000000000000003,
        0.48,
        0.49,
        0.5,
        0.51,
        0.52,
        0.53,
        0.54,
        0.55,
        0.56,
        0.5700000000000001,
        0.58,
        0.59,
        0.6,
        0.61,
        0.62,
        0.63,
        0.64,
        0.65,
        0.66,
        0.67,
        0.68,
        0.6900000000000001,
        0.7000000000000001,
        0.71,
        0.72,
        0.73,
        0.74,
        0.75,
        0.76,
        0.77,
        0.78,
        0.79,
        0.8,
        0.81,
        0.8200000000000001,
        0.8300000000000001,
        0.84,
        0.85,
        0.86,
        0.87,
        0.88,
        0.89,
        0.9,
        0.91,
        0.92,
        0.93,
        0.9400000000000001,
        0.9500000000000001,
        0.96,
        0.97,
        0.98,
        0.99,
        1.0
    ],
    "sensitivity": [
        1.0,
        1.0,
        0.975609756097561,
        0.975609756097561,
        0.975609756097561,
        0.975609756097561,
        0.975609756097561,
        0.975609756097561,
        0.975609756097561,
        0.975609756097561,
        0.975609756097561,
        0.975609756097561,
        0.975609756097561,
        0.975609756097561,
        0.975609756097561,
        0.975609756097561,
        0.975609756097561,
        0.975609756097561,
        0.975609756097561,
        0.975609756097561,
        0.975609756097561,
        0.975609756097561,
        0.975609756097561,
        0.975609756097561,
        0.975609756097561,
        0.975609756097561,
        0.975609756097561,
        0.975609756097561,
        0.975609756097561,
        0.975609756097561,
        0.9512195121951219,
        0.9512195121951219,
        0.9512195121951219,
        0.9512195121951219,
        0.926829268292683,
        0.926829268292683,
        0.926829268292683,
        0.926829268292683,
        0.926829268292683,
        0.926829268292683,
        0.926829268292683,
        0.926829268292683,
        0.926829268292683,
        0.926829268292683,
        0.926829268292683,
        0.926829268292683,
        0.926829268292683,
        0.926829268292683,
        0.926829268292683,
        0.926829268292683,
        0.926829268292683,
        0.926829268292683,
        0.926829268292683,
        0.926829268292683,
        0.926829268292683,
        0.926829268292683,
        0.926829268292683,
        0.926829268292683,
        0.926829268292683,
        0.926829268292683,
        0.926829268292683,
        0.926829268292683,
        0.926829268292683,
        0.926829268292683,
        0.926829268292683,
        0.21951219512195122,
        0.21951219512195122,
        0.21951219512195122,
        0.21951219512195122,
        0.1951219512195122,
        0.1951219512195122,
        0.12195121951219512,
        0.0,
        0.0,
        0.0,
        0.0,
        0.0,
        0.0,
        0.0,
        0.0,
        0.0,
        0.0,
        0.0,
        0.0,
        0.0,
        0.0,
        0.0,
        0.0,
        0.0,
        0.0,
        0.0,
        0.0,
        0.0,
        0.0,
        0.0,
        0.0,
        0.0,
        0.0,
        0.0,
        0.0,
        0.0
    ],
    "specificity": [
        0.0,
        0.0,
        0.011468901632112925,
        0.018967798853109837,
        0.01940891045434495,
        0.023820026466696075,
        0.02646669607410675,
        0.031318923687692984,
        0.03440670489633877,
        0.03705337450374945,
        0.03705337450374945,
        0.04146449051610057,
        0.04146449051610057,
        0.04455227172474636,
        0.049845610939567714,
        0.050727834142037936,
        0.05205116894574327,
        0.054256726951918834,
        0.054256726951918834,
        0.054256726951918834,
        0.05513895015438906,
        0.05513895015438906,
        0.05734450816056462,
        0.0599911777679753,
        0.0599911777679753,
        0.0674900749889722,
        0.07498897220996913,
        0.07984119982355536,
        0.09086898985443317,
        0.09307454786060873,
        0.09880899867666519,
        0.10719011910013233,
        0.10807234230260256,
        0.11248345831495368,
        0.11733568592853992,
        0.1199823555359506,
        0.12262902514336127,
        0.12836347595941774,
        0.1305690339655933,
        0.1305690339655933,
        0.13277459197176886,
        0.1340979267754742,
        0.1349801499779444,
        0.1349801499779444,
        0.13630348478164975,
        0.1482134980149978,
        0.14953683281870314,
        0.14953683281870314,
        0.15394794883105425,
        0.16012351124834584,
        0.16100573445081606,
        0.16541685046316718,
        0.16982796647551832,
        0.17247463608292898,
        0.1733568592853992,
        0.1733568592853992,
        0.17468019408910454,
        0.17644464049404499,
        0.17865019850022057,
        0.1799735333039259,
        0.18041464490516101,
        0.18041464490516101,
        0.18659020732245257,
        0.18659020732245257,
        0.19938244375827086,
        0.8094397882664314,
        0.812086457873842,
        0.8169386854874283,
        0.8173797970886635,
        0.823555359505955,
        0.8239964711071901,
        0.8734009704455227,
        1.0,
        1.0,
        1.0,
        1.0,
        1.0,
        1.0,
        1.0,
        1.0,
        1.0,
        1.0,
        1.0,
        1.0,
        1.0,
        1.0,
        1.0,
        1.0,
        1.0,
        1.0,
        1.0,
        1.0,
        1.0,
        1.0,
        1.0,
        1.0,
        1.0,
        1.0,
        1.0,
        1.0,
        1.0
    ],