{"Histogram": {"fraction_of_positives": [0.0022087244616234127, 0.0017989655947829998, 0.004468275245755138, 0.00522344747533372, 0.01296111665004985, 0.11584089323098395], "mean_predicted_value": [0.0005548247835012243, 0.0017677730317115633, 0.0020430242747939364, 0.002560927083704432, 0.01125319696549266, 0.16546644084119505], "brier_score": 0.009261799918695537}, "Isotonic": {"fraction_of_positives": [0.0007558578987150416, 0.0029161603888213854, 0.004991680532445923, 0.006658595641646489, 0.026690391459074734, 0.11699779249448124], "mean_predicted_value": [0.0012187500843239881, 0.001454937599076504, 0.0027627595667806364, 0.004841900555493013, 0.019182231719613127, 0.1752986669778215], "brier_score": 0.009401003869444171}, "Sigmoid": {"fraction_of_positives": [0.0013869625520110957, 0.0020804438280166435, 0.0020804438280166435, 0.0020804438280166435, 0.005547850208044383, 0.005544005544005544, 0.0131852879944483, 0.11026352288488211], "mean_predicted_value": [0.0010479791881572741, 0.001118781100561635, 0.0012243072505957553, 0.0014172693894763113, 0.0018423497801894903, 0.0030600443744397995, 0.008931461326187424, 0.1762225415915494], "brier_score": 0.00992585186008548}, "Ensemble": {"fraction_of_positives": [0.0, 0.0006939625260235947, 0.0034674063800277394, 0.002772002772002772, 0.005551700208188758, 0.004158004158004158, 0.015267175572519083, 0.11026352288488211], "mean_predicted_value": [0.0013585501765835653, 0.0016729160910292148, 0.0020198068862445832, 0.0023514815607125067, 0.002987844343542854, 0.003992648293477088, 0.011584333611379359, 0.14890959625210115], "brier_score": 0.00998251880934786}, "Adaptive": {"fraction_of_positives": [0.0, 0.0025974025974025974, 0.0032530904359141183, 0.003903708523096942, 0.005208333333333333, 0.004542504866969501, 0.021442495126705652, 0.12727272727272726], "mean_predicted_value": [0.0, 0.0004267444948188618, 0.0009030443308855651, 0.002107258906896952, 0.0025563461198367284, 0.00374548286500338, 0.017198888876157763, 0.20689443312201108], "brier_score": 0.010775599203000287}, "Platt": {"fraction_of_positives": [0.0013869625520110957, 0.0020804438280166435, 0.0020804438280166435, 0.0020804438280166435, 0.005547850208044383, 0.005544005544005544, 0.0131852879944483, 0.11026352288488211], "mean_predicted_value": [0.0028304063126223166, 0.0029639638356490556, 0.003158364799002065, 0.0035011591838756168, 0.0042094275213095025, 0.0059999444753372, 0.012582099820725789, 0.10709826713163051], "brier_score": 0.011269266513899482}, "Bayesian": {"fraction_of_positives": [0.0004338394793926247, 0.0017331022530329288, 0.0025996533795493936, 0.004329004329004329, 0.004334633723450368, 0.006938421509106678, 0.01993067590987868, 0.13258232235701906], "mean_predicted_value": [0.0012992640756112317, 0.0025951557093426203, 0.0034602076124566825, 0.005185825410544413, 0.005192557332801462, 0.007792207792207794, 0.020761245674740962, 0.13293044332905482], "brier_score": 0.013529429406284052}}