{
    "thresholds": [
        0.0,
        0.01,
        0.02,
        0.03,
        0.04,
        0.05,
        0.06,
        0.07,
        0.08,
        0.09,
        0.1,
        0.11,
        0.12,
        0.13,
        0.14,
        0.15,
        0.16,
        0.17,
        0.18,
        0.19,
        0.2,
        0.21,
        0.22,
        0.23,
        0.24,
        0.25,
        0.26,
        0.27,
        0.28,
        0.29,
        0.3,
        0.31,
        0.32,
        0.33,
        0.34,
        0.35000000000000003,
        0.36,
        0.37,
        0.38,
        0.39,
        0.4,
        0.41000000000000003,
        0.42,
        0.43,
        0.44,
        0.45,
        0.46,
        0.47000000000000003,
        0.48,
        0.49,
        0.5,
        0.51,
        0.52,
        0.53,
        0.54,
        0.55,
        0.56,
        0.5700000000000001,
        0.58,
        0.59,
        0.6,
        0.61,
        0.62,
        0.63,
        0.64,
        0.65,
        0.66,
        0.67,
        0.68,
        0.6900000000000001,
        0.7000000000000001,
        0.71,
        0.72,
        0.73,
        0.74,
        0.75,
        0.76,
        0.77,
        0.78,
        0.79,
        0.8,
        0.81,
        0.8200000000000001,
        0.8300000000000001,
        0.84,
        0.85,
        0.86,
        0.87,
        0.88,
        0.89,
        0.9,
        0.91,
        0.92,
        0.93,
        0.9400000000000001,
        0.9500000000000001,
        0.96,
        0.97,
        0.98,
        0.99,
        1.0
    ],
    "sensitivity": [
        1.0,
        0.967741935483871,
        0.9193548387096774,
        0.8709677419354839,
        0.8709677419354839,
        0.8548387096774194,
        0.8387096774193549,
        0.8387096774193549,
        0.8225806451612904,
        0.7741935483870968,
        0.7580645161290323,
        0.7580645161290323,
        0.7419354838709677,
        0.7419354838709677,
        0.7419354838709677,
        0.7419354838709677,
        0.7419354838709677,
        0.7096774193548387,
        0.7096774193548387,
        0.6774193548387096,
        0.6774193548387096,
        0.6774193548387096,
        0.6774193548387096,
        0.6774193548387096,
        0.6774193548387096,
        0.6612903225806451,
        0.6612903225806451,
        0.6612903225806451,
        0.6612903225806451,
        0.6612903225806451,
        0.6451612903225806,
        0.6451612903225806,
        0.6290322580645161,
        0.6129032258064516,
        0.6129032258064516,
        0.6129032258064516,
        0.6129032258064516,
        0.6129032258064516,
        0.5806451612903226,
        0.5806451612903226,
        0.5806451612903226,
        0.5483870967741935,
        0.532258064516129,
        0.5161290322580645,
        0.5161290322580645,
        0.5,
        0.5,
        0.4838709677419355,
        0.4838709677419355,
        0.4838709677419355,
        0.4838709677419355,
        0.4838709677419355,
        0.4838709677419355,
        0.4838709677419355,
        0.46774193548387094,
        0.46774193548387094,
        0.46774193548387094,
        0.46774193548387094,
        0.46774193548387094,
        0.46774193548387094,
        0.46774193548387094,
        0.45161290322580644,
        0.4032258064516129,
        0.4032258064516129,
        0.3870967741935484,
        0.3709677419354839,
        0.3709677419354839,
        0.3709677419354839,
        0.3709677419354839,
        0.3548387096774194,
        0.3548387096774194,
        0.3548387096774194,
        0.3548387096774194,
        0.3387096774193548,
        0.3225806451612903,
        0.3225806451612903,
        0.2903225806451613,
        0.27419354838709675,
        0.27419354838709675,
        0.25806451612903225,
        0.25806451612903225,
        0.22580645161290322,
        0.20967741935483872,
        0.1774193548387097,
        0.14516129032258066,
        0.11290322580645161,
        0.11290322580645161,
        0.11290322580645161,
        0.0967741935483871,
        0.0967741935483871,
        0.06451612903225806,
        0.04838709677419355,
        0.016129032258064516,
        0.016129032258064516,
        0.016129032258064516,
        0.016129032258064516,
        0.016129032258064516,
        0.016129032258064516,
        0.016129032258064516,
        0.016129032258064516,
        0.0
    ],
    "specificity": [
        0.0,
        0.13033245072080024,
        0.26301853486319504,
        0.3553986466607826,
        0.4162989114445425,
        0.47219770520741394,
        0.5160341276846131,
        0.5448661370991468,
        0.5760517799352751,
        0.6016475433951162,
        0.6240070609002648,
        0.6466607825831127,
        0.6634304207119741,
        0.6793174463077376,
        0.6893203883495146,
        0.70432480141218,
        0.7166813768755517,
        0.7299205648720212,
        0.7428655486907914,
        0.7522800823771697,
        0.7619888202412475,
        0.7693439246837305,
        0.7758164165931156,
        0.7881729920564872,
        0.794351279788173,
        0.8028832009414534,
        0.8081788761400411,
        0.814357163871727,
        0.8190644307149162,
        0.8252427184466019,
        0.8311268020005884,
        0.8370108855545749,
        0.8440717858193586,
        0.8478964401294499,
        0.8549573403942335,
        0.8614298323036187,
        0.8658428949691086,
        0.870844365989997,
        0.8770226537216829,
        0.8826125330979699,
        0.8858487790526626,
        0.8905560458958517,
        0.8940864960282436,
        0.8979111503383348,
        0.9023242130038247,
        0.9043836422477199,
        0.9076198882024125,
        0.9111503383348043,
        0.9137981759340983,
        0.9164460135333922,
        0.9214474845542807,
        0.922624301265078,
        0.9255663430420712,
        0.9305678140629597,
        0.9332156516622536,
        0.9343924683730509,
        0.9382171226831421,
        0.9399823477493381,
        0.9414533686378347,
        0.942630185348632,
        0.9452780229479258,
        0.9467490438364224,
        0.950867902324213,
        0.952633127390409,
        0.9555751691674021,
        0.9582230067666961,
        0.9591056192997941,
        0.9611650485436893,
        0.9632244777875846,
        0.9646954986760812,
        0.9655781112091791,
        0.9667549279199764,
        0.9688143571638718,
        0.9702853780523684,
        0.9714621947631656,
        0.9726390114739629,
        0.9749926448955575,
        0.9761694616063548,
        0.9776404824948515,
        0.9785230950279494,
        0.981759340982642,
        0.9835245660488379,
        0.9858781994704324,
        0.9861724036481319,
        0.9888202412474257,
        0.9894086496028244,
        0.9902912621359223,
        0.9923506913798176,
        0.9929390997352162,
        0.9929390997352162,
        0.9935275080906149,
        0.9952927331568108,
        0.9964695498676082,
        0.9970579582230068,
        0.9970579582230068,
        0.9973521624007061,
        0.9985289791115034,
        0.9988231832892027,
        0.9994115916446014,
        0.9994115916446014,
        1.0
    ],