{
    "prob_pred": [
        0.0012101735335864185,
        0.1303085741576564,
        0.2592745070687908,
        0.36826976831181557,
        0.4396028278558021,
        0.5540628236817242,
        0.632013211281499,
        0.7471062049347447,
        NaN,
        0.9912222619895266
    ],
    "prob_true": [
        0.014738709770011231,
        0.0,
        0.0,
        0.25364110853026356,
        0.0,
        0.0,
        0.0,
        0.0,
        NaN,
        0.9412200468181987
    ]
}