{
    "train_sizes": [
        807,
        1615,
        2422,
        3230,
        4037,
        4845,
        5652,
        6460,
        7267,
        8075
    ],
    "train_scores": [
        0.5856307435254804,
        0.7344663764417126,
        0.8213795312155968,
        0.7819544535090811,
        0.8130519335810898,
        0.7988216986683567,
        0.8039000629949604,
        0.8359431271459828,
        0.8567493005002816,
        0.8325469504976698
    ],
    "test_scores": [
        0.757670662149209,
        0.7620291546849642,
        0.7781297155709934,
        0.7666296538830206,
        0.8044918334614545,
        0.7661788571591265,
        0.7655240156023118,
        0.7812022511364823,
        0.789387770596665,
        0.7998509998196814
    ]
}