{
    "thresholds": [
        0.01,
        0.03,
        0.05,
        0.06999999999999999,
        0.09,
        0.11,
        0.13,
        0.15000000000000002,
        0.17,
        0.19,
        0.21000000000000002,
        0.23,
        0.25,
        0.27,
        0.29000000000000004,
        0.31,
        0.33,
        0.35000000000000003,
        0.37,
        0.39,
        0.41000000000000003,
        0.43,
        0.45,
        0.47000000000000003,
        0.49,
        0.51,
        0.53,
        0.55,
        0.5700000000000001,
        0.59,
        0.61,
        0.63,
        0.65,
        0.67,
        0.6900000000000001,
        0.7100000000000001,
        0.73,
        0.75,
        0.77,
        0.79,
        0.81,
        0.8300000000000001,
        0.85,
        0.87,
        0.89,
        0.91,
        0.93,
        0.9500000000000001,
        0.97,
        0.99
    ],
    "net_benefits_model": [
        0.2227289870874392,
        0.20555217278714452,
        0.1962303926823168,
        0.1906459642745038,
        0.1804517953194124,
        0.1754403228144046,
        0.17155933235011822,
        0.1680244399185336,
        0.16295078480929828,
        0.15707005942353305,
        0.1549984102022051,
        0.1531303726823075,
        0.15096175605340575,
        0.14884449776339403,
        0.14543855119856958,
        0.13907238505662306,
        0.13056611038493882,
        0.1299702334325552,
        0.12810698391146455,
        0.12686832938243575,
        0.12368508865799072,
        0.12085372970784056,
        0.11907054249213109,
        0.1169606373848775,
        0.1162067542563529,
        0.11489948321487453,
        0.10927041354306596,
        0.10238364637549971,
        0.10053995168853311,
        0.0990214097660325,
        0.091593990982993,
        0.08266453826535292,
        0.08141790321016389,
        0.08135941903762677,
        0.0757396579287388,
        0.07441533815576934,
        0.0695431344446959,
        0.062118126272912425,
        0.05760205436996369,
        0.054986583907154156,
        0.046968235252081304,
        0.036835589633001854,
        0.02803801765105228,
        0.024549584834717218,
        0.01934209714250447,
        0.010394508561514665,
        -0.000872854233343049,
        -0.005838424983027869,
        -0.003168137587689513,
        -0.013306177868295984
    ],
    "net_benefits_all": [
        0.22298339813614762,
        0.20696243727297542,
        0.190266909636617,
        0.17285329479009265,
        0.15467424632394083,
        0.13567816197166985,
        0.11580869443078867,
        0.09500419312327779,
        0.07319706524673031,
        0.05031304216640267,
        0.02627033437314702,
        0.0009786547464755435,
        -0.025661914460285096,
        -0.05376224088385462,
        -0.0834456842890336,
        -0.11484990702204906,
        -0.14812900872419982,
        -0.1834560551464829,
        -0.22102608864319656,
        -0.2610597308937932,
        -0.30380751838171843,
        -0.3495551506056382,
        -0.39862988335493416,
        -0.4514083695192714,
        -0.5083263447945368,
        -0.5698906853983956,
        -0.6366945443515188,
        -0.7094365241004754,
        -0.7889451996400323,
        -0.8762108191346676,
        -0.9724267585774713,
        -1.0790444212032804,
        -1.1978469595577539,
        -1.3310498055915572,
        -1.4814401156297226,
        -1.6525739167076345,
        -1.8490608735007916,
        -2.076985743380855,
        -2.3445497210661475,
        -2.6630782659295904,
        -3.048665451816916,
        -3.5249790343836125,
        -4.128309572301425,
        -4.917280275732414,
        -5.9931494167746715,
        -7.547182620502378,
        -9.989234797788775,
        -14.384928716904296,
        -24.641547861507107,
        -75.92464358452132
    ],
    "net_benefits_none": [
        0,
        0,
        0,
        0,
        0,
        0,
        0,
        0,
        0,
        0,
        0,
        0,
        0,
        0,
        0,
        0,
        0,
        0,
        0,
        0,
        0,
        0,
        0,
        0,
        0,
        0,
        0,
        0,
        0,
        0,
        0,
        0,
        0,
        0,
        0,
        0,
        0,
        0,
        0,
        0,
        0,
        0,
        0,
        0,
        0,
        0,
        0,
        0,
        0,
        0
    ],
    "model_name": "LightGBM",
    "prevalence": 0.23075356415478615
}