{
    "prob_pred": [
        0.0334207134120825,
        0.14257228445175213,
        0.24488047397819276,
        0.34561930677402286,
        0.4501048237185696,
        0.54246987389551,
        0.6400623724355644,
        0.7552977556418312,
        0.836762754351672,
        0.9420308236203253
    ],
    "prob_true": [
        0.004440425046181354,
        0.010983854468812443,
        0.0016989498968643056,
        0.018442346854390113,
        0.03664769633775115,
        0.00178641338760548,
        0.15003709799849335,
        0.14980169996551362,
        0.4755242362002137,
        0.2696571118060519
    ]
}