{
    "train_sizes": [
        1000,
        1500,
        2000,
        2500,
        3000,
        3500,
        4000,
        4500,
        5000,
        5500,
        6000,
        6500,
        7000,
        7500,
        8000
    ],
    "train_scores": [
        0.5920978797610414,
        0.6574404857988394,
        0.6921846601235914,
        0.7322764020664646,
        0.7136672482937051,
        0.7023356798113704,
        0.7828094612960661,
        0.7649745475113121,
        0.7926064658503966,
        0.7669235127210564,
        0.7300962017793495,
        0.735106056994995,
        0.7672438273431995,
        0.7626477969057333,
        0.7576504269524511
    ],
    "test_scores": [
        0.646414030692139,
        0.6439132951816948,
        0.670092721768262,
        0.6734523436684413,
        0.6750372500450796,
        0.7035560743672238,
        0.7222427848798035,
        0.7242974688950261,
        0.7271778226992759,
        0.7182140857367917,
        0.6913987985081,
        0.6947584204082794,
        0.6739600831364063,
        0.7085006026440415,
        0.7230731998975031
    ]
}