{
    "train_sizes": [
        807,
        1615,
        2422,
        3230,
        4037,
        4845,
        5652,
        6460,
        7267,
        8075
    ],
    "train_scores": [
        0.749203821656051,
        0.7441509433962264,
        0.8444230068842995,
        0.80230726124104,
        0.776452616444808,
        0.8098206687470766,
        0.809866494757584,
        0.8125414012018716,
        0.8425145204147828,
        0.8161782674177939
    ],
    "test_scores": [
        0.716202108779622,
        0.6809047252987122,
        0.7775057180005503,
        0.7930890489612695,
        0.7735529425162999,
        0.7243686473251146,
        0.7564084313223056,
        0.7501257485598231,
        0.7710094999478024,
        0.7787726940561266
    ]
}