{
    "train_sizes": [
        807,
        1615,
        2422,
        3230,
        4037,
        4845,
        5652,
        6460,
        7267,
        8075
    ],
    "train_scores": [
        0.7899372463651269,
        0.7445340555125688,
        0.801413621947292,
        0.8097336902646275,
        0.7569046072324761,
        0.7854539081668419,
        0.7955551284893033,
        0.7946462647653583,
        0.7979744341888564,
        0.808014673003116
    ],
    "test_scores": [
        0.6740122806518045,
        0.6815073693401286,
        0.7065408232022701,
        0.735183023469901,
        0.7360561455456538,
        0.7670187626341713,
        0.725113648226708,
        0.7607123537283262,
        0.7763004299177177,
        0.7787726940561266
    ]
}