{
    "train_sizes": [
        1000,
        1500,
        2000,
        2500,
        3000,
        3500,
        4000,
        4500,
        5000,
        5500,
        6000,
        6500,
        7000,
        7500,
        8000
    ],
    "train_scores": [
        0.7107268897406678,
        0.6954591913601599,
        0.7082588149763722,
        0.6921479793463922,
        0.6866835225147216,
        0.7057185010793343,
        0.7167120764423822,
        0.7344598416289593,
        0.7386853324535554,
        0.7336436547092884,
        0.731434944362341,
        0.7310163086037247,
        0.7512066661381254,
        0.7547447538814026,
        0.7616821679250004
    ],
    "test_scores": [
        0.6589333674989797,
        0.6731189913541934,
        0.68521434197914,
        0.6820416820886599,
        0.6918154295855519,
        0.7004645578870445,
        0.7037126669134186,
        0.7107028632709811,
        0.7163487363456045,
        0.712783646043903,
        0.7137265229811425,
        0.7156801336256394,
        0.7153650504417808,
        0.7166756826011444,
        0.7160051817897105
    ],
    "train_cis": [
        [
            0.05503834338940394,
            0.05503834338940394
        ],
        [
            0.056382723543053626,
            0.056382723543053626
        ],
        [
            0.03498177732966812,
            0.03498177732966812
        ],
        [
            0.04149013891020237,
            0.04149013891020237
        ],
        [
            0.04866743972005494,
            0.04866743972005494
        ],
        [
            0.030201931845574848,
            0.030201931845574848
        ],
        [
            0.03233904958384759,
            0.03233904958384759
        ],
        [
            0.021869546299885023,
            0.021869546299885023
        ],
        [
            0.019360567722156663,
            0.019360567722156663
        ],
        [
            0.020863443119348624,
            0.020863443119348624
        ],
        [
            0.012619436087425995,
            0.012619436087425995
        ],
        [
            0.014014339793233632,
            0.014014339793233632
        ],
        [
            0.0105692233134006,
            0.0105692233134006
        ],
        [
            0.00920004779690431,
            0.00920004779690431
        ],
        [
            0.010313624164806967,
            0.010313624164806967
        ]
    ],
    "n_resamples": 10,
    "cv": 5
}