{
    "train_sizes": [
        807,
        1615,
        2422,
        3230,
        4037,
        4845,
        5652,
        6460,
        7267,
        8075
    ],
    "train_scores": [
        0.9990320178704393,
        0.9979242466648008,
        0.9998757550271427,
        0.9992046049188906,
        0.999682392129522,
        0.9995364917576143,
        0.9999636043480672,
        0.9998826055833929,
        0.9994505722772689,
        0.9999188909930211
    ],
    "test_scores": [
        0.7106834078334234,
        0.758453624880183,
        0.7121069764351944,
        0.7081684366369616,
        0.7307130180603403,
        0.7517723429092048,
        0.7656521367764713,
        0.7545245755392953,
        0.7652535375679753,
        0.7787726940561266
    ]
}