{
    "thresholds": [
        0.0,
        0.01,
        0.02,
        0.03,
        0.04,
        0.05,
        0.06,
        0.07,
        0.08,
        0.09,
        0.1,
        0.11,
        0.12,
        0.13,
        0.14,
        0.15,
        0.16,
        0.17,
        0.18,
        0.19,
        0.2,
        0.21,
        0.22,
        0.23,
        0.24,
        0.25,
        0.26,
        0.27,
        0.28,
        0.29,
        0.3,
        0.31,
        0.32,
        0.33,
        0.34,
        0.35000000000000003,
        0.36,
        0.37,
        0.38,
        0.39,
        0.4,
        0.41000000000000003,
        0.42,
        0.43,
        0.44,
        0.45,
        0.46,
        0.47000000000000003,
        0.48,
        0.49,
        0.5,
        0.51,
        0.52,
        0.53,
        0.54,
        0.55,
        0.56,
        0.5700000000000001,
        0.58,
        0.59,
        0.6,
        0.61,
        0.62,
        0.63,
        0.64,
        0.65,
        0.66,
        0.67,
        0.68,
        0.6900000000000001,
        0.7000000000000001,
        0.71,
        0.72,
        0.73,
        0.74,
        0.75,
        0.76,
        0.77,
        0.78,
        0.79,
        0.8,
        0.81,
        0.8200000000000001,
        0.8300000000000001,
        0.84,
        0.85,
        0.86,
        0.87,
        0.88,
        0.89,
        0.9,
        0.91,
        0.92,
        0.93,
        0.9400000000000001,
        0.9500000000000001,
        0.96,
        0.97,
        0.98,
        0.99,
        1.0
    ],
    "sensitivity": [
        1.0,
        0.3870967741935484,
        0.3870967741935484,
        0.3870967741935484,
        0.3548387096774194,
        0.3548387096774194,
        0.3548387096774194,
        0.3548387096774194,
        0.3225806451612903,
        0.3064516129032258,
        0.3064516129032258,
        0.3064516129032258,
        0.3064516129032258,
        0.3064516129032258,
        0.3064516129032258,
        0.3064516129032258,
        0.3064516129032258,
        0.3064516129032258,
        0.3064516129032258,
        0.3064516129032258,
        0.3064516129032258,
        0.3064516129032258,
        0.3064516129032258,
        0.3064516129032258,
        0.3064516129032258,
        0.3064516129032258,
        0.3064516129032258,
        0.3064516129032258,
        0.3064516129032258,
        0.3064516129032258,
        0.3064516129032258,
        0.3064516129032258,
        0.2903225806451613,
        0.2903225806451613,
        0.2903225806451613,
        0.2903225806451613,
        0.2903225806451613,
        0.2903225806451613,
        0.2903225806451613,
        0.2903225806451613,
        0.2903225806451613,
        0.2903225806451613,
        0.2903225806451613,
        0.2903225806451613,
        0.2903225806451613,
        0.2903225806451613,
        0.2903225806451613,
        0.2903225806451613,
        0.2903225806451613,
        0.2903225806451613,
        0.2903225806451613,
        0.2903225806451613,
        0.2903225806451613,
        0.2903225806451613,
        0.2903225806451613,
        0.2903225806451613,
        0.2903225806451613,
        0.2903225806451613,
        0.2903225806451613,
        0.2903225806451613,
        0.2903225806451613,
        0.2903225806451613,
        0.2903225806451613,
        0.2903225806451613,
        0.2903225806451613,
        0.2903225806451613,
        0.2903225806451613,
        0.2903225806451613,
        0.2903225806451613,
        0.2903225806451613,
        0.2903225806451613,
        0.2903225806451613,
        0.2903225806451613,
        0.2903225806451613,
        0.2903225806451613,
        0.2903225806451613,
        0.2903225806451613,
        0.2903225806451613,
        0.2903225806451613,
        0.2903225806451613,
        0.2903225806451613,
        0.2903225806451613,
        0.2903225806451613,
        0.2903225806451613,
        0.2903225806451613,
        0.2903225806451613,
        0.2903225806451613,
        0.2903225806451613,
        0.2903225806451613,
        0.2903225806451613,
        0.2903225806451613,
        0.2903225806451613,
        0.2903225806451613,
        0.2903225806451613,
        0.2903225806451613,
        0.2903225806451613,
        0.2903225806451613,
        0.2903225806451613,
        0.25806451612903225,
        0.1774193548387097,
        0.0
    ],
    "specificity": [
        0.0,
        0.9435127978817299,
        0.9593998234774934,
        0.9673433362753752,
        0.970873786407767,
        0.9738158281847602,
        0.9749926448955575,
        0.9770520741394528,
        0.9791115033833481,
        0.9802883200941453,
        0.981759340982642,
        0.9829361576934392,
        0.9832303618711385,
        0.9847013827596351,
        0.9861724036481319,
        0.9870550161812298,
        0.9873492203589291,
        0.9873492203589291,
        0.9879376287143278,
        0.9885260370697264,
        0.9894086496028244,
        0.9897028537805237,
        0.9905854663136217,
        0.990879670491321,
        0.990879670491321,
        0.990879670491321,
        0.9914680788467196,
        0.9920564872021183,
        0.9923506913798176,
        0.9929390997352162,
        0.9932333039129155,
        0.9932333039129155,
        0.9932333039129155,
        0.9935275080906149,
        0.9935275080906149,
        0.9935275080906149,
        0.9941159164460135,
        0.9941159164460135,
        0.9941159164460135,
        0.9941159164460135,
        0.9947043248014121,
        0.9947043248014121,
        0.9949985289791115,
        0.9949985289791115,
        0.9949985289791115,
        0.9949985289791115,
        0.9952927331568108,
        0.9955869373345102,
        0.9958811415122095,
        0.9958811415122095,
        0.9958811415122095,
        0.9958811415122095,
        0.9958811415122095,
        0.9958811415122095,
        0.9961753456899088,
        0.9964695498676082,
        0.9967637540453075,
        0.9970579582230068,
        0.9970579582230068,
        0.9970579582230068,
        0.9970579582230068,
        0.9970579582230068,
        0.9973521624007061,
        0.9976463665784054,
        0.9976463665784054,
        0.9979405707561048,
        0.9979405707561048,
        0.9979405707561048,
        0.9979405707561048,
        0.9979405707561048,
        0.9979405707561048,
        0.9982347749338041,
        0.9982347749338041,
        0.9988231832892027,
        0.9988231832892027,
        0.9988231832892027,
        0.9994115916446014,
        0.9994115916446014,
        0.9994115916446014,
        0.9994115916446014,
        0.9997057958223007,
        0.9997057958223007,
        0.9997057958223007,
        0.9997057958223007,
        0.9997057958223007,
        0.9997057958223007,
        0.9997057958223007,
        0.9997057958223007,
        0.9997057958223007,
        0.9997057958223007,
        0.9997057958223007,
        0.9997057958223007,
        0.9997057958223007,
        0.9997057958223007,
        0.9997057958223007,
        0.9997057958223007,
        1.0,
        1.0,
        1.0,
        1.0,
        1.0
    ],