{
    "platt": {
        "prob_true": [
            0.01338887235941684,
            0.16494845360824742,
            0.3333333333333333
        ],
        "prob_pred": [
            0.014420469415943521,
            0.1319242087961084,
            0.20017945922140182
        ],
        "brier": 0.015445672455060788,
        "auc": 0.8392909595162912
    },
    "isotonic": {
        "prob_true": [
            0.010432648051549556,
            0.10071942446043165,
            0.3333333333333333,
            0.2033898305084746,
            1.0
        ],
        "prob_pred": [
            0.007516223604709208,
            0.1478570078042524,
            0.20778200488131152,
            0.5127252857797046,
            1.0
        ],
        "brier": 0.012987756455384924,
        "auc": 0.8643292140748479
    },
    "adaptive": {
        "prob_true": [
            0.010050251256281407,
            0.05384615384615385,
            0.05263157894736842,
            0.16,
            0.08333333333333333,
            0.25,
            0.10526315789473684,
            0.3333333333333333,
            0.1111111111111111,
            0.125
        ],
        "prob_pred": [
            0.009986779285377025,
            0.13407670892248216,
            0.2513365798010816,
            0.35469382654693127,
            0.457456603566953,
            0.5480264779639393,
            0.6423778300829106,
            0.7592228279425915,
            0.8423351754728727,
            0.955151245163837
        ],
        "brier": 0.015577082147397961,
        "auc": 0.8894987890924084
    },
    "histogram": {
        "prob_true": [
            0.010166358595194085,
            0.0948905109489051,
            0.15384615384615385,
            0.23076923076923078
        ],
        "prob_pred": [
            0.007208421219170915,
            0.14993228573563377,
            0.26965711180605195,
            0.47552423620021406
        ],
        "brier": 0.01354226904077655,
        "auc": 0.8676028125567375
    },
    "bbq": {
        "prob_true": [
            0.010606060606060607,
            0.12,
            0.125,
            0.23529411764705882,
            0.21621621621621623
        ],
        "prob_pred": [
            0.008023070523330718,
            0.17186134665603936,
            0.23114104695360616,
            0.3263838508528165,
            0.5261262250497323
        ],
        "brier": 0.013130665149871504,
        "auc": 0.8999636985196211
    },
    "sigmoid": {
        "prob_true": [
            0.012037315678603671,
            0.1652892561983471,
            0.11764705882352941
        ],
        "prob_pred": [
            0.011668350807862233,
            0.14341677397256142,
            0.2217331040475195
        ],
        "brier": 0.015068320706211058,
        "auc": 0.8392909595162912
    },
    "kernel": {
        "prob_true": [
            0.012022843402464683,
            0.16417910447761194
        ],
        "prob_pred": [
            0.011959705888409916,
            0.14580337820381928
        ],
        "brier": 0.015137697557948885,
        "auc": 0.8392723465862416
    },
    "ensemble": {
        "prob_true": [
            0.010156971375807941,
            0.09701492537313433,
            0.20833333333333334,
            0.16666666666666666
        ],
        "prob_pred": [
            0.009533652127735421,
            0.13699678317463146,
            0.3407581373967312,
            0.4290090951175058
        ],
        "brier": 0.013496129616603148,
        "auc": 0.8894094757907416
    }
}