{
    "train_sizes": [
        1000,
        1500,
        2000,
        2500,
        3000,
        3500,
        4000,
        4500,
        5000,
        5500,
        6000,
        6500,
        7000,
        7500,
        8000
    ],
    "train_scores": [
        0.6992571770136661,
        0.715885947046843,
        0.7442863752024057,
        0.7449557940884055,
        0.7414714012796565,
        0.7471231890080057,
        0.7711493316613776,
        0.7638161662511231,
        0.764604090746319,
        0.7671492128391074,
        0.7422055107159701,
        0.7361675502410914,
        0.7276026665153215,
        0.732076447022172,
        0.7431728127950203
    ],
    "test_scores": [
        0.6708614488132183,
        0.6757775057180005,
        0.6965521168465107,
        0.702533477588285,
        0.7051860604162514,
        0.724529985099982,
        0.7350643927530869,
        0.7250519602539647,
        0.7324189277681292,
        0.7278777439284798,
        0.7154072829769667,
        0.7124747316573186,
        0.6953563192210233,
        0.711561275137849,
        0.7175117918932513
    ],
    "train_cis": [
        [
            1.56560577911703,
            1.5656057791170297
        ],
        [
            1.0653199490491263,
            1.0653199490491263
        ],
        [
            0.6496143920496027,
            0.6496143920496028
        ],
        [
            0.65855762020259,
            0.65855762020259
        ],
        [
            0.3949583585607885,
            0.3949583585607884
        ],
        [
            0.44289917781247345,
            0.44289917781247357
        ],
        [
            0.09117516784602153,
            0.09117516784602153
        ],
        [
            0.18469742032353098,
            0.18469742032353098
        ],
        [
            0.0342102823793512,
            0.0342102823793512
        ],
        [
            0.1475844112432093,
            0.1475844112432093
        ],
        [
            0.24986080892377227,
            0.24986080892377227
        ],
        [
            0.03317621677014293,
            0.03317621677014293
        ],
        [
            0.1790999085084034,
            0.1790999085084034
        ],
        [
            0.1464677310269894,
            0.1464677310269894
        ],
        [
            0.09784179999945541,
            0.09784179999945541
        ]
    ],
    "n_resamples": 2,
    "cv": 3
}