{
    "train_sizes": [
        1000,
        1500,
        2000,
        2500,
        3000,
        3500,
        4000,
        4500,
        5000,
        5500,
        6000,
        6500,
        7000,
        7500,
        8000
    ],
    "train_scores": [
        0.6876648882903414,
        0.6970503478227449,
        0.7122137404580153,
        0.7200513994447479,
        0.720010882093648,
        0.733207999865897,
        0.733783453845388,
        0.7410011312217194,
        0.7404124503362808,
        0.7332185154529864,
        0.7346534004378844,
        0.7331796670184877,
        0.7346952994714588,
        0.7326519406579393,
        0.7401020526576565
    ],
    "test_scores": [
        0.6497560952462298,
        0.6628163881217436,
        0.6903491539257277,
        0.7038474314077197,
        0.7154675473811084,
        0.7189828127817479,
        0.7252365496493275,
        0.7315092674315975,
        0.7342681433818296,
        0.7339578054266436,
        0.7350776793933699,
        0.7410030464368077,
        0.7473611783351839,
        0.7485835492412379,
        0.7497556207233627
    ],
    "train_cis": [
        [
            0.06556990335999835,
            0.06556990335999835
        ],
        [
            0.0436275358975694,
            0.0436275358975694
        ],
        [
            0.03928306214598354,
            0.03928306214598354
        ],
        [
            0.041325844218655594,
            0.041325844218655594
        ],
        [
            0.043592452542657756,
            0.043592452542657756
        ],
        [
            0.03338108349924773,
            0.03338108349924773
        ],
        [
            0.026420449584589334,
            0.026420449584589334
        ],
        [
            0.021833557669073245,
            0.021833557669073245
        ],
        [
            0.020367275849562883,
            0.020367275849562883
        ],
        [
            0.01810005855726704,
            0.01810005855726704
        ],
        [
            0.009872128661527424,
            0.009872128661527424
        ],
        [
            0.012315640993591725,
            0.012315640993591725
        ],
        [
            0.009066817666779858,
            0.009066817666779858
        ],
        [
            0.008231462918678822,
            0.008231462918678822
        ],
        [
            0.004216797613432188,
            0.004216797613432188
        ]
    ],
    "n_resamples": 10,
    "cv": 5
}