{
    "platt": {
        "prob_true": [
            0.01791389771742271
        ],
        "prob_pred": [
            0.017931675276759415
        ],
        "brier": 0.01709672214635256,
        "auc": 0.708515176362236
    },
    "isotonic": {
        "prob_true": [
            0.016475433951162105,
            0.0967741935483871
        ],
        "prob_pred": [
            0.01802442207767135,
            0.11157570402743293
        ],
        "brier": 0.016927553877742647,
        "auc": 0.7545426894222272
    },
    "adaptive": {
        "prob_true": [
            0.01791389771742271
        ],
        "prob_pred": [
            0.01791684576241346
        ],
        "brier": 0.017011814955548543,
        "auc": 0.7484997345927269
    },
    "histogram": {
        "prob_true": [
            0.016499705362404242,
            0.08955223880597014
        ],
        "prob_pred": [
            0.01716913290881259,
            0.10083904581528097
        ],
        "brier": 0.01690154691560328,
        "auc": 0.7707989477874652
    },
    "bbq": {
        "prob_true": [
            0.015792610250297975,
            0.08571428571428572
        ],
        "prob_pred": [
            0.015761224779873986,
            0.12497544901459783
        ],
        "brier": 0.016555266224309525,
        "auc": 0.8451036981763276
    },
    "sigmoid": {
        "prob_true": [
            0.016533805727782697,
            0.08450704225352113,
            0.0
        ],
        "prob_pred": [
            0.0033288381334968913,
            0.13922489487983092,
            0.21554623665135295
        ],
        "brier": 0.017454723789337514,
        "auc": 0.708515176362236
    },
    "kernel": {
        "prob_true": [
            0.01791389771742271
        ],
        "prob_pred": [
            0.01726861416557332
        ],
        "brier": 0.0171000574495782,
        "auc": 0.708515176362236
    },
    "ensemble": {
        "prob_true": [
            0.01791389771742271
        ],
        "prob_pred": [
            0.01676144552065287
        ],
        "brier": 0.016854091978057005,
        "auc": 0.8085798424560613
    }
}