{
    "thresholds": [
        0.0,
        0.01,
        0.02,
        0.03,
        0.04,
        0.05,
        0.06,
        0.07,
        0.08,
        0.09,
        0.1,
        0.11,
        0.12,
        0.13,
        0.14,
        0.15,
        0.16,
        0.17,
        0.18,
        0.19,
        0.2,
        0.21,
        0.22,
        0.23,
        0.24,
        0.25,
        0.26,
        0.27,
        0.28,
        0.29,
        0.3,
        0.31,
        0.32,
        0.33,
        0.34,
        0.35000000000000003,
        0.36,
        0.37,
        0.38,
        0.39,
        0.4,
        0.41000000000000003,
        0.42,
        0.43,
        0.44,
        0.45,
        0.46,
        0.47000000000000003,
        0.48,
        0.49,
        0.5,
        0.51,
        0.52,
        0.53,
        0.54,
        0.55,
        0.56,
        0.5700000000000001,
        0.58,
        0.59,
        0.6,
        0.61,
        0.62,
        0.63,
        0.64,
        0.65,
        0.66,
        0.67,
        0.68,
        0.6900000000000001,
        0.7000000000000001,
        0.71,
        0.72,
        0.73,
        0.74,
        0.75,
        0.76,
        0.77,
        0.78,
        0.79,
        0.8,
        0.81,
        0.8200000000000001,
        0.8300000000000001,
        0.84,
        0.85,
        0.86,
        0.87,
        0.88,
        0.89,
        0.9,
        0.91,
        0.92,
        0.93,
        0.9400000000000001,
        0.9500000000000001,
        0.96,
        0.97,
        0.98,
        0.99,
        1.0
    ],
    "sensitivity": [
        1.0,
        1.0,
        1.0,
        1.0,
        1.0,
        1.0,
        0.9838709677419355,
        0.9838709677419355,
        0.9838709677419355,
        0.9838709677419355,
        0.9838709677419355,
        0.9838709677419355,
        0.9516129032258065,
        0.9516129032258065,
        0.9354838709677419,
        0.9354838709677419,
        0.9354838709677419,
        0.9354838709677419,
        0.9354838709677419,
        0.9354838709677419,
        0.9354838709677419,
        0.9193548387096774,
        0.9193548387096774,
        0.9032258064516129,
        0.9032258064516129,
        0.9032258064516129,
        0.9032258064516129,
        0.8870967741935484,
        0.8709677419354839,
        0.8709677419354839,
        0.8709677419354839,
        0.8709677419354839,
        0.8548387096774194,
        0.8387096774193549,
        0.8387096774193549,
        0.8225806451612904,
        0.8064516129032258,
        0.7741935483870968,
        0.7258064516129032,
        0.7096774193548387,
        0.6774193548387096,
        0.6774193548387096,
        0.6774193548387096,
        0.6612903225806451,
        0.6290322580645161,
        0.5967741935483871,
        0.5967741935483871,
        0.5967741935483871,
        0.5967741935483871,
        0.532258064516129,
        0.5161290322580645,
        0.5,
        0.5,
        0.46774193548387094,
        0.43548387096774194,
        0.4032258064516129,
        0.3870967741935484,
        0.3870967741935484,
        0.3709677419354839,
        0.3548387096774194,
        0.3064516129032258,
        0.3064516129032258,
        0.3064516129032258,
        0.3064516129032258,
        0.3064516129032258,
        0.3064516129032258,
        0.3064516129032258,
        0.3064516129032258,
        0.2903225806451613,
        0.2903225806451613,
        0.2903225806451613,
        0.25806451612903225,
        0.24193548387096775,
        0.22580645161290322,
        0.22580645161290322,
        0.22580645161290322,
        0.22580645161290322,
        0.20967741935483872,
        0.1935483870967742,
        0.1935483870967742,
        0.1935483870967742,
        0.1935483870967742,
        0.16129032258064516,
        0.16129032258064516,
        0.14516129032258066,
        0.14516129032258066,
        0.12903225806451613,
        0.11290322580645161,
        0.11290322580645161,
        0.08064516129032258,
        0.04838709677419355,
        0.016129032258064516,
        0.016129032258064516,
        0.016129032258064516,
        0.0,
        0.0,
        0.0,
        0.0,
        0.0,
        0.0,
        0.0
    ],
    "specificity": [
        0.0,
        0.0,
        0.00176522506619594,
        0.009414533686378346,
        0.021771109149749928,
        0.03471609296852015,
        0.0529567519858782,
        0.07502206531332745,
        0.09620476610767872,
        0.12121212121212122,
        0.14563106796116504,
        0.1700500147102089,
        0.19388055310385408,
        0.21800529567519858,
        0.24301265077964107,
        0.26654898499558694,
        0.29067372756693144,
        0.31215063253898206,
        0.3333333333333333,
        0.35333921741688734,
        0.3715798764342454,
        0.39129155634010004,
        0.4086496028243601,
        0.42777287437481615,
        0.44483671668137686,
        0.4624889673433363,
        0.47719917622830244,
        0.49367461017946457,
        0.5083848190644307,
        0.5257428655486908,
        0.5383936451897617,
        0.5545748749632244,
        0.5684024713150927,
        0.5839952927331568,
        0.5942924389526332,
        0.6051779935275081,
        0.6216534274786703,
        0.6343042071197411,
        0.6454839658723154,
        0.6578405413356869,
        0.6696087084436599,
        0.6825536922624301,
        0.6949102677258017,
        0.706972639011474,
        0.7187408061194469,
        0.72609591056193,
        0.7405119152691968,
        0.7487496322447779,
        0.7608120035304501,
        0.7699323330391291,
        0.7787584583701088,
        0.7875845837010885,
        0.7958223006766696,
        0.8070020594292439,
        0.8146513680494263,
        0.8217122683142101,
        0.8328920270667843,
        0.8390703147984702,
        0.8452486025301559,
        0.8496616651956458,
        0.8584877905266255,
        0.8673139158576052,
        0.8737864077669902,
        0.8811415122094733,
        0.8861429832303619,
        0.8911444542512503,
        0.8979111503383348,
        0.9020300088261254,
        0.9085025007355104,
        0.9140923801117976,
        0.9187996469549867,
        0.9246837305089732,
        0.9279199764636658,
        0.9323330391291557,
        0.9338040600176523,
        0.9376287143277434,
        0.9423359811709326,
        0.9455722271256252,
        0.9496910856134158,
        0.9543983524566049,
        0.9567519858781994,
        0.9596940276551927,
        0.9658723153868785,
        0.969991173874669,
        0.9735216240070609,
        0.9773462783171522,
        0.9791115033833481,
        0.9802883200941453,
        0.9811709326272433,
        0.9826419535157399,
        0.9852897911150338,
        0.9858781994704324,
        0.989997057958223,
        0.9938217122683142,
        0.9958811415122095,
        0.9976463665784054,
        0.9994115916446014,
        0.9994115916446014,
        1.0,
        1.0,
        1.0
    ],