{"Isotonic": {"fraction_of_positives": [0.001384083044982699, 0.004888888888888889, 0.0086271567891973, 0.02142310635042081, 0.05907172995780591, 0.11044776119402985], "mean_predicted_value": [0.0004188707476106564, 0.005826099862539868, 0.015632834492722552, 0.021681040681681443, 0.046506830224340046, 0.1012616221347118], "brier_score": 0.015056107298360415}, "Ensemble": {"fraction_of_positives": [0.0013869625520110957, 0.0027739251040221915, 0.0048543689320388345, 0.0062413314840499305, 0.006934812760055479, 0.015256588072122053, 0.021497919556171984, 0.08321775312066575], "mean_predicted_value": [0.006358362486004232, 0.007996508311754191, 0.008664030767717983, 0.009524880422474395, 0.011354171840431665, 0.015082039670758947, 0.022382169959325748, 0.0625558891002153], "brier_score": 0.015158175982252073}, "Adaptive": {"fraction_of_positives": [0.0, 0.003898635477582846, 0.005855562784645413, 0.006510416666666667, 0.008658008658008658, 0.01495448634590377, 0.04483430799220273, 0.06770833333333333], "mean_predicted_value": [0.0, 0.0013817551689355187, 0.0033493796851759576, 0.00730771740372348, 0.010307403072382568, 0.016959512186837354, 0.03685030596953207, 0.08363535937144845], "brier_score": 0.015163030392274998}, "Histogram": {"fraction_of_positives": [0.0074785245073269325, 0.05894736842105263, 0.1085383502170767], "mean_predicted_value": [0.009216136882965492, 0.0462669480926887, 0.0978415991300128], "brier_score": 0.015172674976966418}, "Sigmoid": {"fraction_of_positives": [0.0013869625520110957, 0.006934812760055479, 0.0027739251040221915, 0.005547850208044383, 0.006237006237006237, 0.012491325468424705, 0.023578363384188627, 0.08321775312066575], "mean_predicted_value": [0.009612663538540855, 0.009857174567238483, 0.010120738760966193, 0.010482370168131794, 0.011059195000657215, 0.012216086438560893, 0.01583213047992179, 0.06225084132652804], "brier_score": 0.015380196098011853}, "Bayesian": {"fraction_of_positives": [0.002600780234070221, 0.005199306759098787, 0.005203816131830009, 0.0082358040745557, 0.017346053772766695, 0.040763226366001735, 0.08225108225108226], "mean_predicted_value": [0.0034617061871259893, 0.006055363321799241, 0.0060606060606059374, 0.009086974358458632, 0.018181818181818313, 0.041558441558441565, 0.08326168256964298], "brier_score": 0.015493095886308126}, "Platt": {"fraction_of_positives": [0.0013869625520110957, 0.006934812760055479, 0.0027739251040221915, 0.005547850208044383, 0.006237006237006237, 0.012491325468424705, 0.023578363384188627, 0.08321775312066575], "mean_predicted_value": [0.015650019017003646, 0.015779778041330263, 0.01591714803458987, 0.016101749654890488, 0.016387321478559633, 0.016930057696231453, 0.0184124502044369, 0.02712425666620849], "brier_score": 0.015595023684737449}}