{"Histogram": {"fraction_of_positives": [0.0, 0.0048543689320388345, 0.008645533141210375, 0.008064516129032258, 0.010362694300518135, 0.022935779816513763, 0.0327455919395466, 0.06352941176470588], "mean_predicted_value": [0.0, 0.0010634098881320544, 0.002233284952793489, 0.003580701963098646, 0.007907578965582383, 0.016365512790168964, 0.02971592840675757, 0.10728755810265879], "brier_score": 0.01579240983318628}, "Adaptive": {"fraction_of_positives": [0.0, 0.008658008658008658, 0.011594202898550725, 0.015184381778741865, 0.026030368763557483, 0.038876889848812095, 0.055232558139534885], "mean_predicted_value": [0.0, 0.0013360461154499957, 0.0030205837918201154, 0.007550208196277833, 0.02244028849394891, 0.03694321732466362, 0.10007525211189329], "brier_score": 0.016208182669854094}, "Ensemble": {"fraction_of_positives": [0.0023094688221709007, 0.0, 0.006944444444444444, 0.009237875288683603, 0.009259259259259259, 0.023094688221709007, 0.03464203233256351, 0.05787037037037037], "mean_predicted_value": [0.0035033976788104017, 0.004408624334847194, 0.005365029182606862, 0.008121161503473168, 0.01247168625469575, 0.024599873802379938, 0.03277702402529664, 0.0664547417075029], "brier_score": 0.016361995887787254}, "Isotonic": {"fraction_of_positives": [0.0016, 0.004970178926441352, 0.010245901639344262, 0.03299725022914757, 0.05976095617529881], "mean_predicted_value": [0.0006374490481535807, 0.003057950443002912, 0.00798036861686879, 0.03835464361089525, 0.08422179272756787], "brier_score": 0.016718447519768292}, "Bayesian": {"fraction_of_positives": [0.0028929604628736743, 0.005763688760806916, 0.008658008658008658, 0.028901734104046242, 0.034782608695652174, 0.05475504322766571], "mean_predicted_value": [0.005752636380815036, 0.008595988538682006, 0.01147778546256971, 0.03160919540229906, 0.03746397694524525, 0.05874560871695648], "brier_score": 0.01691352796766029}, "Platt": {"fraction_of_positives": [0.0023094688221709007, 0.006928406466512702, 0.0023148148148148147, 0.004618937644341801, 0.013888888888888888, 0.02771362586605081, 0.041666666666666664, 0.04387990762124711], "mean_predicted_value": [0.0071143858614521735, 0.00825876426143202, 0.009579154612726244, 0.011469147299798572, 0.014308872484046673, 0.01860666920838738, 0.026038495065149162, 0.04729270832462697], "brier_score": 0.01702259992566623}, "Sigmoid": {"fraction_of_positives": [0.0023094688221709007, 0.006928406466512702, 0.0023148148148148147, 0.004618937644341801, 0.013888888888888888, 0.02771362586605081, 0.041666666666666664, 0.04387990762124711], "mean_predicted_value": [0.00549203756428415, 0.006667782845756105, 0.008089148303868197, 0.01022837851816949, 0.013645193988361027, 0.01920580243146758, 0.02973619399770255, 0.06456891099035796], "brier_score": 0.017026130619804184}}