{
    "thresholds": [
        0.01,
        0.03,
        0.05,
        0.06999999999999999,
        0.09,
        0.11,
        0.13,
        0.15000000000000002,
        0.17,
        0.19,
        0.21000000000000002,
        0.23,
        0.25,
        0.27,
        0.29000000000000004,
        0.31,
        0.33,
        0.35000000000000003,
        0.37,
        0.39,
        0.41000000000000003,
        0.43,
        0.45,
        0.47000000000000003,
        0.49,
        0.51,
        0.53,
        0.55,
        0.5700000000000001,
        0.59,
        0.61,
        0.63,
        0.65,
        0.67,
        0.6900000000000001,
        0.7100000000000001,
        0.73,
        0.75,
        0.77,
        0.79,
        0.81,
        0.8300000000000001,
        0.85,
        0.87,
        0.89,
        0.91,
        0.93,
        0.9500000000000001,
        0.97,
        0.99
    ],
    "net_benefits_model": [
        0.22298339813614762,
        0.2071975980011338,
        0.1892271411726873,
        0.16843834176466727,
        0.15360071021985483,
        0.14131597214276453,
        0.12289018423578432,
        0.1116089613034623,
        0.10113611267882118,
        0.09111831904318894,
        0.0805047822836371,
        0.0714629565953395,
        0.06576148449875538,
        0.05547991704563418,
        0.04409798915693752,
        0.03807176520361677,
        0.026293177696041142,
        0.020596375789858457,
        0.0076789620577807916,
        0.0016526994090347302,
        -0.0073837550485001124,
        -0.012320005716940002,
        -0.02211318891563288,
        -0.023280687596869437,
        -0.034966654686314436,
        -0.03923271956440416,
        -0.041534861550461544,
        -0.04534208342762318,
        -0.05001973507633532,
        -0.052762737403341406,
        -0.058998729263495045,
        -0.06141355204491662,
        -0.06708369702259723,
        -0.06774259910716125,
        -0.06567680616691855,
        -0.06614462626120757,
        -0.066307108194413,
        -0.07121520706042093,
        -0.07728091147908735,
        -0.0744512333107038,
        -0.07852574409547294,
        -0.06818817139890584,
        -0.0674813306177868,
        -0.07095931902449212,
        -0.07198049743874592,
        -0.07468507203741423,
        -0.04704684317718945,
        -0.029667345553292642,
        -0.008780267028739528,
        0.0
    ],
    "net_benefits_all": [
        0.22298339813614762,
        0.20696243727297542,
        0.190266909636617,
        0.17285329479009265,
        0.15467424632394083,
        0.13567816197166985,
        0.11580869443078867,
        0.09500419312327779,
        0.07319706524673031,
        0.05031304216640267,
        0.02627033437314702,
        0.0009786547464755435,
        -0.025661914460285096,
        -0.05376224088385462,
        -0.0834456842890336,
        -0.11484990702204906,
        -0.14812900872419982,
        -0.1834560551464829,
        -0.22102608864319656,
        -0.2610597308937932,
        -0.30380751838171843,
        -0.3495551506056382,
        -0.39862988335493416,
        -0.4514083695192714,
        -0.5083263447945368,
        -0.5698906853983956,
        -0.6366945443515188,
        -0.7094365241004754,
        -0.7889451996400323,
        -0.8762108191346676,
        -0.9724267585774713,
        -1.0790444212032804,
        -1.1978469595577539,
        -1.3310498055915572,
        -1.4814401156297226,
        -1.6525739167076345,
        -1.8490608735007916,
        -2.076985743380855,
        -2.3445497210661475,
        -2.6630782659295904,
        -3.048665451816916,
        -3.5249790343836125,
        -4.128309572301425,
        -4.917280275732414,
        -5.9931494167746715,
        -7.547182620502378,
        -9.989234797788775,
        -14.384928716904296,
        -24.641547861507107,
        -75.92464358452132
    ],
    "net_benefits_none": [
        0,
        0,
        0,
        0,
        0,
        0,
        0,
        0,
        0,
        0,
        0,
        0,
        0,
        0,
        0,
        0,
        0,
        0,
        0,
        0,
        0,
        0,
        0,
        0,
        0,
        0,
        0,
        0,
        0,
        0,
        0,
        0,
        0,
        0,
        0,
        0,
        0,
        0,
        0,
        0,
        0,
        0,
        0,
        0,
        0,
        0,
        0,
        0,
        0,
        0
    ],
    "model_name": "Logistic",
    "prevalence": 0.23075356415478615
}