{
    "prob_pred": [
        0.06705709238398107,
        0.1527214220776061,
        0.24993828345365213,
        0.34106849113701176,
        0.44570732178869416,
        0.5486063084980504,
        0.6487241814149113,
        0.7414772762193005,
        0.852478019406121,
        0.9320079999970304
    ],
    "prob_true": [
        0.0006791505858669599,
        0.006196890103498567,
        0.03447194861266485,
        0.004385414460720852,
        0.012849420195233587,
        0.04222705811933907,
        0.042926063460164234,
        0.005136908405684335,
        0.05337565359168696,
        0.1008390458152809
    ]
}