{
    "train_sizes": [
        1000,
        1500,
        2000,
        2500,
        3000,
        3500,
        4000,
        4500,
        5000,
        5500,
        6000,
        6500,
        7000,
        7500,
        8000
    ],
    "train_scores": [
        0.6039728581788045,
        0.6356713939813214,
        0.6567793529625591,
        0.7104356396160703,
        0.7144246418023288,
        0.7168046837771753,
        0.7528201487820294,
        0.7546521493212669,
        0.7795591256111425,
        0.763188647433158,
        0.7390437451856081,
        0.7553437063770385,
        0.7385929494362227,
        0.7354577655648675,
        0.7415143965815049
    ],
    "test_scores": [
        0.661997361652858,
        0.6676726551452514,
        0.7020708177927094,
        0.708306048268466,
        0.704391234613596,
        0.7092408583169623,
        0.714811756778559,
        0.7274957530203381,
        0.7309834960946768,
        0.7383765623665404,
        0.7383813075952129,
        0.742879784376809,
        0.7524129487800018,
        0.7538460078391178,
        0.7553929523863755
    ]
}