{
    "train_sizes": [
        807,
        1615,
        2422,
        3230,
        4037,
        4845,
        5652,
        6460,
        7267,
        8075
    ],
    "train_scores": [
        0.880484568638378,
        0.750088514421861,
        0.7315184407096172,
        0.8275248560962846,
        0.8166656658459936,
        0.8341153160200706,
        0.8092587142695337,
        0.8151078233489534,
        0.8227879732611137,
        0.8178049553857552
    ],
    "test_scores": [
        0.7655477417456747,
        0.7598819387106264,
        0.7845618730366615,
        0.7624538526511592,
        0.7742457459024951,
        0.7807704353272784,
        0.7720439597984227,
        0.7860803462118838,
        0.7761153659994875,
        0.7716073987605463
    ]
}