{
    "thresholds": [
        0.0,
        0.01,
        0.02,
        0.03,
        0.04,
        0.05,
        0.06,
        0.07,
        0.08,
        0.09,
        0.1,
        0.11,
        0.12,
        0.13,
        0.14,
        0.15,
        0.16,
        0.17,
        0.18,
        0.19,
        0.2,
        0.21,
        0.22,
        0.23,
        0.24,
        0.25,
        0.26,
        0.27,
        0.28,
        0.29,
        0.3,
        0.31,
        0.32,
        0.33,
        0.34,
        0.35000000000000003,
        0.36,
        0.37,
        0.38,
        0.39,
        0.4,
        0.41000000000000003,
        0.42,
        0.43,
        0.44,
        0.45,
        0.46,
        0.47000000000000003,
        0.48,
        0.49,
        0.5,
        0.51,
        0.52,
        0.53,
        0.54,
        0.55,
        0.56,
        0.5700000000000001,
        0.58,
        0.59,
        0.6,
        0.61,
        0.62,
        0.63,
        0.64,
        0.65,
        0.66,
        0.67,
        0.68,
        0.6900000000000001,
        0.7000000000000001,
        0.71,
        0.72,
        0.73,
        0.74,
        0.75,
        0.76,
        0.77,
        0.78,
        0.79,
        0.8,
        0.81,
        0.8200000000000001,
        0.8300000000000001,
        0.84,
        0.85,
        0.86,
        0.87,
        0.88,
        0.89,
        0.9,
        0.91,
        0.92,
        0.93,
        0.9400000000000001,
        0.9500000000000001,
        0.96,
        0.97,
        0.98,
        0.99,
        1.0
    ],
    "sensitivity": [
        1.0,
        1.0,
        1.0,
        1.0,
        1.0,
        1.0,
        1.0,
        1.0,
        0.9838709677419355,
        0.9838709677419355,
        0.9838709677419355,
        0.967741935483871,
        0.9516129032258065,
        0.9516129032258065,
        0.9354838709677419,
        0.9354838709677419,
        0.9193548387096774,
        0.9193548387096774,
        0.9193548387096774,
        0.9193548387096774,
        0.9193548387096774,
        0.9193548387096774,
        0.9193548387096774,
        0.9032258064516129,
        0.9032258064516129,
        0.9032258064516129,
        0.8870967741935484,
        0.8709677419354839,
        0.8548387096774194,
        0.8548387096774194,
        0.8225806451612904,
        0.8225806451612904,
        0.8225806451612904,
        0.8225806451612904,
        0.8225806451612904,
        0.8225806451612904,
        0.8064516129032258,
        0.7741935483870968,
        0.7741935483870968,
        0.7741935483870968,
        0.7580645161290323,
        0.7580645161290323,
        0.7096774193548387,
        0.6935483870967742,
        0.6612903225806451,
        0.6290322580645161,
        0.6290322580645161,
        0.6290322580645161,
        0.6129032258064516,
        0.5806451612903226,
        0.5806451612903226,
        0.5483870967741935,
        0.5483870967741935,
        0.5483870967741935,
        0.5161290322580645,
        0.5,
        0.46774193548387094,
        0.46774193548387094,
        0.43548387096774194,
        0.41935483870967744,
        0.41935483870967744,
        0.41935483870967744,
        0.4032258064516129,
        0.3870967741935484,
        0.3548387096774194,
        0.3225806451612903,
        0.3225806451612903,
        0.3064516129032258,
        0.2903225806451613,
        0.25806451612903225,
        0.25806451612903225,
        0.24193548387096775,
        0.24193548387096775,
        0.24193548387096775,
        0.22580645161290322,
        0.22580645161290322,
        0.20967741935483872,
        0.20967741935483872,
        0.1935483870967742,
        0.1935483870967742,
        0.1935483870967742,
        0.1935483870967742,
        0.1935483870967742,
        0.1935483870967742,
        0.16129032258064516,
        0.14516129032258066,
        0.14516129032258066,
        0.14516129032258066,
        0.12903225806451613,
        0.11290322580645161,
        0.0967741935483871,
        0.06451612903225806,
        0.04838709677419355,
        0.03225806451612903,
        0.0,
        0.0,
        0.0,
        0.0,
        0.0,
        0.0,
        0.0
    ],
    "specificity": [
        0.0,
        0.0,
        0.0002942041776993233,
        0.006472491909385114,
        0.01676963812886143,
        0.03324507208002354,
        0.052662547808178875,
        0.07178581935863489,
        0.09561635775228008,
        0.12297734627831715,
        0.14974992644895557,
        0.17505148573109738,
        0.1968225948808473,
        0.21977052074139453,
        0.2418358340688438,
        0.26802000588408353,
        0.2868490732568402,
        0.30950279493968813,
        0.33362753751103263,
        0.3545160341276846,
        0.38040600176522504,
        0.40188290673727567,
        0.41718152397764047,
        0.43100912032950867,
        0.4457193292144748,
        0.46219476316563696,
        0.480435422182995,
        0.4957340394233598,
        0.5160341276846131,
        0.5322153574580759,
        0.5481023830538394,
        0.5622241835834069,
        0.5798764342453663,
        0.5963518681965284,
        0.6101794645483966,
        0.6237128567225655,
        0.6366578405413357,
        0.6463665784054133,
        0.6540158870255958,
        0.6637246248896734,
        0.6725507502206531,
        0.6840247131509267,
        0.696969696969697,
        0.7075610473668726,
        0.7166813768755517,
        0.7290379523389232,
        0.736981465136805,
        0.7458075904677847,
        0.7540453074433657,
        0.76522506619594,
        0.7728743748161224,
        0.7808178876140042,
        0.7905266254780818,
        0.8028832009414534,
        0.8099441012062372,
        0.8190644307149162,
        0.8255369226243012,
        0.8296557811120918,
        0.8370108855545749,
        0.8428949691085613,
        0.8496616651956458,
        0.8576051779935275,
        0.8634892615475139,
        0.8667255075022066,
        0.872609591056193,
        0.8779052662547808,
        0.8832009414533687,
        0.8884966166519565,
        0.8946749043836423,
        0.89997057958223,
        0.9049720506031186,
        0.9102677258017063,
        0.9152691968225949,
        0.9205648720211828,
        0.9255663430420712,
        0.929096793174463,
        0.9332156516622536,
        0.9379229185054427,
        0.9429243895263313,
        0.9473374521918211,
        0.9505736981465137,
        0.9541041482789056,
        0.9585172109443955,
        0.9614592527213887,
        0.9638128861429832,
        0.9649897028537805,
        0.9694027655192704,
        0.9738158281847602,
        0.9767578699617535,
        0.9788172992056487,
        0.9820535451603413,
        0.9858781994704324,
        0.9873492203589291,
        0.9902912621359223,
        0.9935275080906149,
        0.9958811415122095,
        0.9982347749338041,
        0.999117387466902,
        0.9994115916446014,
        1.0,
        1.0
    ],