{"Histogram": {"fraction_of_positives": [0.0, 0.0058823529411764705, 0.013114754098360656, 0.02112676056338028, 0.012048192771084338, 0.039473684210526314, 0.05793450881612091], "mean_predicted_value": [0.0, 0.0019223504867166015, 0.003499701414807709, 0.009822671428503207, 0.01551502064072146, 0.033634455936404, 0.11037083616165971], "brier_score": 0.01594276475398741}, "Adaptive": {"fraction_of_positives": [0.0, 0.008695652173913044, 0.015184381778741865, 0.03036876355748373, 0.047516198704103674, 0.046511627906976744], "mean_predicted_value": [0.0, 0.002847939180598162, 0.0062542488045345705, 0.024854600576956574, 0.04101677844131613, 0.0997398063520556], "brier_score": 0.01625511827558491}, "Ensemble": {"fraction_of_positives": [0.0023094688221709007, 0.0023094688221709007, 0.0, 0.009216589861751152, 0.013921113689095127, 0.03002309468822171, 0.03926096997690531, 0.046296296296296294], "mean_predicted_value": [0.0031653759558213663, 0.004169690963089031, 0.0052258104557508225, 0.007706137262579808, 0.013832413710798271, 0.027523250069577693, 0.03542525441043753, 0.06210183193685675], "brier_score": 0.01640285092497359}, "Isotonic": {"fraction_of_positives": [0.001584786053882726, 0.004780114722753346, 0.012531328320802004, 0.02734375, 0.03302961275626424, 0.05976095617529881], "mean_predicted_value": [0.0006297802124166834, 0.002960718390728233, 0.00989171825071757, 0.02826740474351292, 0.03910589135681796, 0.08423453853630465], "brier_score": 0.016730918303952617}, "Bayesian": {"fraction_of_positives": [0.002886002886002886, 0.005780346820809248, 0.00723589001447178, 0.02881844380403458, 0.028901734104046242, 0.034782608695652174, 0.05475504322766571], "mean_predicted_value": [0.005738880850035835, 0.008620689655172526, 0.010071954309653339, 0.03151862464183365, 0.03160919540229884, 0.03746397694524525, 0.05874560871695648], "brier_score": 0.016916431081520557}, "Platt": {"fraction_of_positives": [0.0023094688221709007, 0.004618937644341801, 0.0023148148148148147, 0.009237875288683603, 0.009259259259259259, 0.03002309468822171, 0.041666666666666664, 0.04387990762124711], "mean_predicted_value": [0.006183240273836869, 0.007562264071616917, 0.009176959093012546, 0.011483246810505153, 0.014840044361344864, 0.01979408057783449, 0.027643120896429726, 0.04663268022945865], "brier_score": 0.017010899209002645}, "Sigmoid": {"fraction_of_positives": [0.0023094688221709007, 0.004618937644341801, 0.0023148148148148147, 0.009237875288683603, 0.009259259259259259, 0.03002309468822171, 0.041666666666666664, 0.04387990762124711], "mean_predicted_value": [0.00428205257407618, 0.005609296324985808, 0.007276910194130211, 0.009839438234086525, 0.013889903688883024, 0.020450579178432158, 0.032006199781327474, 0.06439342486184489], "brier_score": 0.017013190323428136}}