{"Histogram": {"fraction_of_positives": [0.0, 0.005244755244755245, 0.006430868167202572, 0.013015184381778741, 0.0273224043715847, 0.04201680672268908, 0.05511811023622047], "mean_predicted_value": [0.0, 0.0014892868360196093, 0.0024637701707291597, 0.0076045578839441, 0.017749720296342572, 0.03494434055389776, 0.11295879415005866], "brier_score": 0.01587669904803251}, "Adaptive": {"fraction_of_positives": [0.0, 0.008695652173913044, 0.015217391304347827, 0.03463203463203463, 0.0367965367965368, 0.055232558139534885], "mean_predicted_value": [0.0, 0.0026610761482580825, 0.004308611481285792, 0.021634931220439885, 0.04414274839843272, 0.1049464742671839], "brier_score": 0.016171735225146346}, "Ensemble": {"fraction_of_positives": [0.0023094688221709007, 0.0023094688221709007, 0.0, 0.009237875288683603, 0.011574074074074073, 0.016129032258064516, 0.05568445475638051, 0.046189376443418015], "mean_predicted_value": [0.003183567301610136, 0.00422199538419142, 0.005299442109823188, 0.007546164225185447, 0.013300967054368475, 0.02601092401965265, 0.03535541385103045, 0.06420348943726085], "brier_score": 0.016367489489961782}, "Isotonic": {"fraction_of_positives": [0.0015600624024961, 0.004873294346978557, 0.011111111111111112, 0.03111111111111111, 0.03352601156069364, 0.05905511811023622], "mean_predicted_value": [0.0006202957571182088, 0.0030277119718426972, 0.008800082524553334, 0.031232753608581038, 0.03948439194151646, 0.08411935839348142], "brier_score": 0.016720031640609995}, "Bayesian": {"fraction_of_positives": [0.002890173410404624, 0.005780346820809248, 0.008670520231213872, 0.02601156069364162, 0.04046242774566474, 0.05475504322766571], "mean_predicted_value": [0.005747126436781541, 0.008620689655172549, 0.011494252873563288, 0.028735632183907716, 0.04310344827586168, 0.05874560871695648], "brier_score": 0.016935424328976104}, "Platt": {"fraction_of_positives": [0.0023094688221709007, 0.004618937644341801, 0.004629629629629629, 0.006928406466512702, 0.011574074074074073, 0.02771362586605081, 0.041666666666666664, 0.04387990762124711], "mean_predicted_value": [0.006267439496792867, 0.007626731732155979, 0.009210607940146505, 0.011480716128350492, 0.014780628502674907, 0.019696064266419944, 0.027503469212228498, 0.04674806469671522], "brier_score": 0.017009536093634422}, "Sigmoid": {"fraction_of_positives": [0.0023094688221709007, 0.004618937644341801, 0.004629629629629629, 0.006928406466512702, 0.011574074074074073, 0.02771362586605081, 0.041666666666666664, 0.04387990762124711], "mean_predicted_value": [0.004340415378357998, 0.005651131158379551, 0.007288141215455842, 0.009810049598992739, 0.013789911567048039, 0.020295918665896636, 0.031794609381468136, 0.06474120064737708], "brier_score": 0.017012197017186752}}