{
    "thresholds": [
        0.0,
        0.01,
        0.02,
        0.03,
        0.04,
        0.05,
        0.06,
        0.07,
        0.08,
        0.09,
        0.1,
        0.11,
        0.12,
        0.13,
        0.14,
        0.15,
        0.16,
        0.17,
        0.18,
        0.19,
        0.2,
        0.21,
        0.22,
        0.23,
        0.24,
        0.25,
        0.26,
        0.27,
        0.28,
        0.29,
        0.3,
        0.31,
        0.32,
        0.33,
        0.34,
        0.35000000000000003,
        0.36,
        0.37,
        0.38,
        0.39,
        0.4,
        0.41000000000000003,
        0.42,
        0.43,
        0.44,
        0.45,
        0.46,
        0.47000000000000003,
        0.48,
        0.49,
        0.5,
        0.51,
        0.52,
        0.53,
        0.54,
        0.55,
        0.56,
        0.5700000000000001,
        0.58,
        0.59,
        0.6,
        0.61,
        0.62,
        0.63,
        0.64,
        0.65,
        0.66,
        0.67,
        0.68,
        0.6900000000000001,
        0.7000000000000001,
        0.71,
        0.72,
        0.73,
        0.74,
        0.75,
        0.76,
        0.77,
        0.78,
        0.79,
        0.8,
        0.81,
        0.8200000000000001,
        0.8300000000000001,
        0.84,
        0.85,
        0.86,
        0.87,
        0.88,
        0.89,
        0.9,
        0.91,
        0.92,
        0.93,
        0.9400000000000001,
        0.9500000000000001,
        0.96,
        0.97,
        0.98,
        0.99,
        1.0
    ],
    "sensitivity": [
        1.0,
        1.0,
        1.0,
        1.0,
        1.0,
        1.0,
        1.0,
        1.0,
        0.9838709677419355,
        0.9838709677419355,
        0.9838709677419355,
        0.9838709677419355,
        0.9838709677419355,
        0.9838709677419355,
        0.9838709677419355,
        0.9838709677419355,
        0.967741935483871,
        0.9516129032258065,
        0.9516129032258065,
        0.9516129032258065,
        0.9354838709677419,
        0.9354838709677419,
        0.9354838709677419,
        0.9354838709677419,
        0.9354838709677419,
        0.9354838709677419,
        0.9354838709677419,
        0.9354838709677419,
        0.9193548387096774,
        0.9032258064516129,
        0.9032258064516129,
        0.9032258064516129,
        0.9032258064516129,
        0.9032258064516129,
        0.9032258064516129,
        0.8870967741935484,
        0.8709677419354839,
        0.8709677419354839,
        0.8709677419354839,
        0.8709677419354839,
        0.8387096774193549,
        0.8387096774193549,
        0.8225806451612904,
        0.8225806451612904,
        0.8064516129032258,
        0.8064516129032258,
        0.7419354838709677,
        0.7258064516129032,
        0.7258064516129032,
        0.7096774193548387,
        0.6774193548387096,
        0.6774193548387096,
        0.6612903225806451,
        0.6451612903225806,
        0.6129032258064516,
        0.5967741935483871,
        0.5967741935483871,
        0.5967741935483871,
        0.5806451612903226,
        0.5161290322580645,
        0.46774193548387094,
        0.46774193548387094,
        0.45161290322580644,
        0.45161290322580644,
        0.3870967741935484,
        0.3870967741935484,
        0.3548387096774194,
        0.3387096774193548,
        0.3387096774193548,
        0.3064516129032258,
        0.3064516129032258,
        0.3064516129032258,
        0.3064516129032258,
        0.3064516129032258,
        0.3064516129032258,
        0.2903225806451613,
        0.2903225806451613,
        0.25806451612903225,
        0.25806451612903225,
        0.24193548387096775,
        0.22580645161290322,
        0.22580645161290322,
        0.20967741935483872,
        0.20967741935483872,
        0.1935483870967742,
        0.1935483870967742,
        0.1774193548387097,
        0.16129032258064516,
        0.14516129032258066,
        0.14516129032258066,
        0.11290322580645161,
        0.11290322580645161,
        0.06451612903225806,
        0.04838709677419355,
        0.016129032258064516,
        0.016129032258064516,
        0.0,
        0.0,
        0.0,
        0.0,
        0.0
    ],
    "specificity": [
        0.0,
        0.0,
        0.0,
        0.0029420417769932335,
        0.008237716975581053,
        0.01676963812886143,
        0.027066784348337748,
        0.037069726390114736,
        0.0479552809649897,
        0.06237128567225655,
        0.08120035304501325,
        0.09561635775228008,
        0.1147396293027361,
        0.13327449249779347,
        0.15475139746984407,
        0.17328626066490144,
        0.19211532803765813,
        0.21035598705501618,
        0.23095027949396882,
        0.24771991762283024,
        0.2641953515739924,
        0.283907031479847,
        0.30155928214180644,
        0.31862312444836716,
        0.33568696675492793,
        0.35216240070609,
        0.36893203883495146,
        0.3848190644307149,
        0.40129449838187703,
        0.41394527802294795,
        0.42777287437481615,
        0.44160047072668435,
        0.46072374227714036,
        0.47219770520741394,
        0.48484848484848486,
        0.4972050603118564,
        0.5133862900853192,
        0.527802294792586,
        0.540453074433657,
        0.5545748749632244,
        0.5651662253604001,
        0.5798764342453663,
        0.5892909679317446,
        0.6001765225066196,
        0.6142983230361871,
        0.6301853486319505,
        0.6381288614298323,
        0.6498970285378053,
        0.6604883789349809,
        0.6746101794645484,
        0.6834363047955281,
        0.6949102677258017,
        0.7066784348337747,
        0.7190350102971462,
        0.7287437481612239,
        0.7387466902030009,
        0.7487496322447779,
        0.7599293909973521,
        0.7722859664607238,
        0.7808178876140042,
        0.7893498087672844,
        0.7993527508090615,
        0.8105325095616358,
        0.8181818181818182,
        0.8270079435127978,
        0.8361282730214769,
        0.842600764930862,
        0.8490732568402471,
        0.8543689320388349,
        0.8643718740806119,
        0.874374816122389,
        0.8820241247425713,
        0.8861429832303619,
        0.8923212709620476,
        0.8984995586937334,
        0.9061488673139159,
        0.911738746690203,
        0.9196822594880847,
        0.9252721388643719,
        0.9282141806413651,
        0.9335098558399529,
        0.9367461017946455,
        0.9441012062371286,
        0.9473374521918211,
        0.9523389232127096,
        0.9564577817005001,
        0.96087084436599,
        0.9673433362753752,
        0.9726390114739629,
        0.9764636657840541,
        0.9794057075610474,
        0.9802883200941453,
        0.9826419535157399,
        0.9855839952927331,
        0.9888202412474257,
        0.9935275080906149,
        0.9958811415122095,
        0.999117387466902,
        0.9994115916446014,
        1.0,
        1.0
    ],