{
    "thresholds": [
        0.0,
        0.01,
        0.02,
        0.03,
        0.04,
        0.05,
        0.06,
        0.07,
        0.08,
        0.09,
        0.1,
        0.11,
        0.12,
        0.13,
        0.14,
        0.15,
        0.16,
        0.17,
        0.18,
        0.19,
        0.2,
        0.21,
        0.22,
        0.23,
        0.24,
        0.25,
        0.26,
        0.27,
        0.28,
        0.29,
        0.3,
        0.31,
        0.32,
        0.33,
        0.34,
        0.35000000000000003,
        0.36,
        0.37,
        0.38,
        0.39,
        0.4,
        0.41000000000000003,
        0.42,
        0.43,
        0.44,
        0.45,
        0.46,
        0.47000000000000003,
        0.48,
        0.49,
        0.5,
        0.51,
        0.52,
        0.53,
        0.54,
        0.55,
        0.56,
        0.5700000000000001,
        0.58,
        0.59,
        0.6,
        0.61,
        0.62,
        0.63,
        0.64,
        0.65,
        0.66,
        0.67,
        0.68,
        0.6900000000000001,
        0.7000000000000001,
        0.71,
        0.72,
        0.73,
        0.74,
        0.75,
        0.76,
        0.77,
        0.78,
        0.79,
        0.8,
        0.81,
        0.8200000000000001,
        0.8300000000000001,
        0.84,
        0.85,
        0.86,
        0.87,
        0.88,
        0.89,
        0.9,
        0.91,
        0.92,
        0.93,
        0.9400000000000001,
        0.9500000000000001,
        0.96,
        0.97,
        0.98,
        0.99,
        1.0
    ],
    "sensitivity": [
        1.0,
        1.0,
        1.0,
        1.0,
        1.0,
        1.0,
        1.0,
        0.9838709677419355,
        0.9838709677419355,
        0.9838709677419355,
        0.9838709677419355,
        0.9838709677419355,
        0.9838709677419355,
        0.9838709677419355,
        0.9838709677419355,
        0.9838709677419355,
        0.9516129032258065,
        0.9516129032258065,
        0.9516129032258065,
        0.9354838709677419,
        0.9354838709677419,
        0.9354838709677419,
        0.9354838709677419,
        0.9354838709677419,
        0.9354838709677419,
        0.9354838709677419,
        0.9354838709677419,
        0.9193548387096774,
        0.9032258064516129,
        0.9032258064516129,
        0.9032258064516129,
        0.9032258064516129,
        0.9032258064516129,
        0.9032258064516129,
        0.8870967741935484,
        0.8709677419354839,
        0.8709677419354839,
        0.8709677419354839,
        0.8709677419354839,
        0.8387096774193549,
        0.8387096774193549,
        0.8387096774193549,
        0.8225806451612904,
        0.8225806451612904,
        0.8064516129032258,
        0.7419354838709677,
        0.7258064516129032,
        0.7258064516129032,
        0.7096774193548387,
        0.7096774193548387,
        0.6774193548387096,
        0.6774193548387096,
        0.6290322580645161,
        0.5967741935483871,
        0.5967741935483871,
        0.5967741935483871,
        0.5967741935483871,
        0.5806451612903226,
        0.5645161290322581,
        0.5,
        0.46774193548387094,
        0.45161290322580644,
        0.45161290322580644,
        0.3870967741935484,
        0.3870967741935484,
        0.3709677419354839,
        0.3548387096774194,
        0.3387096774193548,
        0.3064516129032258,
        0.3064516129032258,
        0.3064516129032258,
        0.3064516129032258,
        0.3064516129032258,
        0.3064516129032258,
        0.3064516129032258,
        0.2903225806451613,
        0.2903225806451613,
        0.25806451612903225,
        0.24193548387096775,
        0.22580645161290322,
        0.22580645161290322,
        0.22580645161290322,
        0.20967741935483872,
        0.1935483870967742,
        0.1935483870967742,
        0.1935483870967742,
        0.16129032258064516,
        0.14516129032258066,
        0.14516129032258066,
        0.14516129032258066,
        0.11290322580645161,
        0.11290322580645161,
        0.06451612903225806,
        0.016129032258064516,
        0.016129032258064516,
        0.016129032258064516,
        0.0,
        0.0,
        0.0,
        0.0,
        0.0
    ],
    "specificity": [
        0.0,
        0.0,
        0.0,
        0.0029420417769932335,
        0.009120329508679022,
        0.01882906737275669,
        0.028537805236834364,
        0.03765813474551338,
        0.05148573109738158,
        0.06737275669314505,
        0.08502500735510445,
        0.10238305383936452,
        0.12062371285672256,
        0.1412180052956752,
        0.16122388937922918,
        0.18122977346278318,
        0.1994704324801412,
        0.22006472491909385,
        0.23859958811415122,
        0.2574286554869079,
        0.27390408943807004,
        0.29626360694321857,
        0.3109738158281848,
        0.32892027066784346,
        0.34598411297440423,
        0.36363636363636365,
        0.3783465725213298,
        0.39658723153868786,
        0.4098264195351574,
        0.423065607531627,
        0.4401294498381877,
        0.4580759046778464,
        0.46866725507502205,
        0.48220064724919093,
        0.4939688143571639,
        0.510444248308326,
        0.5251544571932921,
        0.5389820535451604,
        0.5545748749632244,
        0.5642836128273021,
        0.5751691674021772,
        0.5875257428655487,
        0.598705501618123,
        0.6128273021476905,
        0.6275375110326566,
        0.636952044719035,
        0.6478375992939099,
        0.659605766401883,
        0.6722565460429538,
        0.6822594880847308,
        0.6934392468373051,
        0.707855251544572,
        0.716975581053251,
        0.7281553398058253,
        0.736098852603707,
        0.7472786113562813,
        0.7587525742865548,
        0.7708149455722271,
        0.7793468667255075,
        0.7878787878787878,
        0.7981759340982642,
        0.8087672844954399,
        0.8170050014710208,
        0.8261253309796999,
        0.8361282730214769,
        0.8440717858193586,
        0.8487790526625478,
        0.8543689320388349,
        0.8631950573698146,
        0.872609591056193,
        0.8799646954986761,
        0.8864371874080612,
        0.8923212709620476,
        0.8976169461606355,
        0.9046778464254193,
        0.9102677258017063,
        0.9158576051779935,
        0.9232127096204766,
        0.9270373639305678,
        0.9320388349514563,
        0.9352750809061489,
        0.941747572815534,
        0.9461606354810238,
        0.9511621065019124,
        0.9543983524566049,
        0.9573403942335981,
        0.9641070903206825,
        0.9696969696969697,
        0.9741100323624595,
        0.9779346866725508,
        0.9802883200941453,
        0.9814651368049426,
        0.9829361576934392,
        0.9858781994704324,
        0.989114445425125,
        0.9941159164460135,
        0.9964695498676082,
        0.9994115916446014,
        0.9994115916446014,
        1.0,
        1.0
    ],