{
    "train_sizes": [
        1000,
        1500,
        2000,
        2500,
        3000,
        3500,
        4000,
        4500,
        5000,
        5500,
        6000,
        6500,
        7000,
        7500,
        8000
    ],
    "train_scores": [
        0.6878499343899998,
        0.7102114070486952,
        0.7186550345328971,
        0.721585755661528,
        0.7146364714161266,
        0.729763474102486,
        0.7315478623870417,
        0.7348585972850679,
        0.7381128909253456,
        0.7343813457866066,
        0.7363345977962548,
        0.7371162030574376,
        0.7376069858350951,
        0.7366823918436021,
        0.7441679228521082
    ],
    "test_scores": [
        0.6566784348337745,
        0.6684964268428095,
        0.6812492289003408,
        0.6937249096033937,
        0.6992122920403535,
        0.7060155263882166,
        0.7140382845049303,
        0.7176138143097116,
        0.7199290113790584,
        0.7161356755782061,
        0.7169157911719766,
        0.720528808283271,
        0.723067505623096,
        0.7259027797549564,
        0.7279289923981436
    ],
    "train_cis": [
        [
            0.06257378225889476,
            0.06257378225889476
        ],
        [
            0.04198572424890934,
            0.04198572424890934
        ],
        [
            0.035722438024929914,
            0.035722438024929914
        ],
        [
            0.03643865313399641,
            0.03643865313399641
        ],
        [
            0.03903879116217468,
            0.03903879116217468
        ],
        [
            0.025863870290245394,
            0.025863870290245394
        ],
        [
            0.02358693575151305,
            0.02358693575151305
        ],
        [
            0.022954790371174538,
            0.022954790371174538
        ],
        [
            0.021375849268948532,
            0.021375849268948532
        ],
        [
            0.018256511476144377,
            0.018256511476144377
        ],
        [
            0.013492037273015955,
            0.013492037273015955
        ],
        [
            0.011192051061870378,
            0.011192051061870378
        ],
        [
            0.007372963537134902,
            0.007372963537134902
        ],
        [
            0.005604703994833371,
            0.005604703994833371
        ],
        [
            0.004206606876856145,
            0.004206606876856145
        ]
    ],
    "n_resamples": 10,
    "cv": 5
}