{
    "thresholds": [
        0.0,
        0.01,
        0.02,
        0.03,
        0.04,
        0.05,
        0.06,
        0.07,
        0.08,
        0.09,
        0.1,
        0.11,
        0.12,
        0.13,
        0.14,
        0.15,
        0.16,
        0.17,
        0.18,
        0.19,
        0.2,
        0.21,
        0.22,
        0.23,
        0.24,
        0.25,
        0.26,
        0.27,
        0.28,
        0.29,
        0.3,
        0.31,
        0.32,
        0.33,
        0.34,
        0.35000000000000003,
        0.36,
        0.37,
        0.38,
        0.39,
        0.4,
        0.41000000000000003,
        0.42,
        0.43,
        0.44,
        0.45,
        0.46,
        0.47000000000000003,
        0.48,
        0.49,
        0.5,
        0.51,
        0.52,
        0.53,
        0.54,
        0.55,
        0.56,
        0.5700000000000001,
        0.58,
        0.59,
        0.6,
        0.61,
        0.62,
        0.63,
        0.64,
        0.65,
        0.66,
        0.67,
        0.68,
        0.6900000000000001,
        0.7000000000000001,
        0.71,
        0.72,
        0.73,
        0.74,
        0.75,
        0.76,
        0.77,
        0.78,
        0.79,
        0.8,
        0.81,
        0.8200000000000001,
        0.8300000000000001,
        0.84,
        0.85,
        0.86,
        0.87,
        0.88,
        0.89,
        0.9,
        0.91,
        0.92,
        0.93,
        0.9400000000000001,
        0.9500000000000001,
        0.96,
        0.97,
        0.98,
        0.99,
        1.0
    ],
    "sensitivity": [
        1.0,
        0.9193548387096774,
        0.9193548387096774,
        0.9193548387096774,
        0.9193548387096774,
        0.9193548387096774,
        0.9193548387096774,
        0.9193548387096774,
        0.9193548387096774,
        0.9193548387096774,
        0.9193548387096774,
        0.9193548387096774,
        0.9193548387096774,
        0.9193548387096774,
        0.9193548387096774,
        0.9193548387096774,
        0.9193548387096774,
        0.9193548387096774,
        0.9193548387096774,
        0.9193548387096774,
        0.9193548387096774,
        0.9193548387096774,
        0.9193548387096774,
        0.9193548387096774,
        0.9193548387096774,
        0.9193548387096774,
        0.9193548387096774,
        0.9193548387096774,
        0.9193548387096774,
        0.9193548387096774,
        0.9193548387096774,
        0.9193548387096774,
        0.9193548387096774,
        0.9193548387096774,
        0.9193548387096774,
        0.9193548387096774,
        0.9193548387096774,
        0.9193548387096774,
        0.9193548387096774,
        0.9193548387096774,
        0.9193548387096774,
        0.9193548387096774,
        0.9193548387096774,
        0.9032258064516129,
        0.9032258064516129,
        0.9032258064516129,
        0.9032258064516129,
        0.9032258064516129,
        0.9032258064516129,
        0.9032258064516129,
        0.9032258064516129,
        0.9032258064516129,
        0.9032258064516129,
        0.9032258064516129,
        0.9032258064516129,
        0.9032258064516129,
        0.9032258064516129,
        0.9032258064516129,
        0.9032258064516129,
        0.9032258064516129,
        0.9032258064516129,
        0.9032258064516129,
        0.9032258064516129,
        0.9032258064516129,
        0.9032258064516129,
        0.9032258064516129,
        0.9032258064516129,
        0.9032258064516129,
        0.9032258064516129,
        0.9032258064516129,
        0.9032258064516129,
        0.9032258064516129,
        0.9032258064516129,
        0.9032258064516129,
        0.9032258064516129,
        0.9032258064516129,
        0.9032258064516129,
        0.9032258064516129,
        0.9032258064516129,
        0.9032258064516129,
        0.9032258064516129,
        0.9032258064516129,
        0.9032258064516129,
        0.9032258064516129,
        0.9032258064516129,
        0.9032258064516129,
        0.9032258064516129,
        0.9032258064516129,
        0.9032258064516129,
        0.9032258064516129,
        0.9032258064516129,
        0.9032258064516129,
        0.9032258064516129,
        0.9032258064516129,
        0.9032258064516129,
        0.9032258064516129,
        0.9032258064516129,
        0.9032258064516129,
        0.9032258064516129,
        0.9032258064516129,
        0.3387096774193548
    ],
    "specificity": [
        0.0,
        0.2191821123859959,
        0.23242130038246542,
        0.24007060900264784,
        0.24624889673433362,
        0.25007355104442486,
        0.25154457193292146,
        0.25448661370991466,
        0.25684024713150927,
        0.2597822889085025,
        0.2612533097969991,
        0.26331273904089436,
        0.26507796410709034,
        0.265666372462489,
        0.26802000588408353,
        0.26831421006178285,
        0.26919682259488087,
        0.27007943512797883,
        0.27066784348337747,
        0.2709620476610768,
        0.2724330685495734,
        0.27390408943807004,
        0.27537511032656664,
        0.2759635186819653,
        0.27684613121506324,
        0.27684613121506324,
        0.27684613121506324,
        0.2783171521035599,
        0.2786113562812592,
        0.27890556045895853,
        0.28067078552515445,
        0.28184760223595173,
        0.283907031479847,
        0.28420123565754635,
        0.2850838481906443,
        0.2862606649014416,
        0.2862606649014416,
        0.2865548690791409,
        0.2889085025007355,
        0.2897911150338335,
        0.2900853192115328,
        0.2903795233892321,
        0.2912621359223301,
        0.2918505442777287,
        0.2921447484554281,
        0.29273315681082673,
        0.293909973521624,
        0.29449838187702265,
        0.2953809944101206,
        0.2953809944101206,
        0.29596940276551925,
        0.29626360694321857,
        0.29832303618711387,
        0.2989114445425125,
        0.29979405707561047,
        0.3000882612533098,
        0.30155928214180644,
        0.3021476904972051,
        0.3027360988526037,
        0.30332450720800236,
        0.303912915563401,
        0.30450132391879964,
        0.3053839364518976,
        0.3062665489849956,
        0.30685495734039425,
        0.30685495734039425,
        0.30714916151809357,
        0.3089143865842895,
        0.30950279493968813,
        0.31009120329508677,
        0.3109738158281848,
        0.31185642836128274,
        0.3124448367166814,
        0.3127390408943807,
        0.31332744924977934,
        0.3142100617828773,
        0.31568108267137396,
        0.3162694910267726,
        0.3165636952044719,
        0.31832892027066784,
        0.3200941453368638,
        0.3227419829361577,
        0.3245072080023536,
        0.3265666372462489,
        0.32715504560164754,
        0.3298028832009415,
        0.3318623124448367,
        0.3333333333333333,
        0.33568696675492793,
        0.3368637834657252,
        0.3389232127096205,
        0.3436304795528097,
        0.3456899087967049,
        0.34745513386290083,
        0.3509855839952927,
        0.3556928508384819,
        0.36157693439246835,
        0.36863783465725214,
        0.3801117975875257,
        0.39452780229479256,
        0.8811415122094733
    ],