{
    "fpr": [
        0.0,
        0.02965665982033208,
        0.09110077356608447,
        0.309556000604631,
        0.3095957312205343,
        0.34046336538536437,
        0.46550622366958044,
        0.6421875023957527,
        0.6432021868934985,
        0.6846765198179333,
        0.8909996826387266,
        0.8912571548143629,
        1.0
    ],
    "tpr": [
        0.0,
        0.10899899738618267,
        0.2908864477113167,
        0.8705699508386728,
        0.8705699508386728,
        0.8805929152260604,
        0.9236961517159891,
        0.9747497901674015,
        0.9747497901674015,
        0.9813091322159859,
        1.0,
        1.0,
        1.0
    ],
    "roc_auc": 0.8032905457781416
}