{"Adaptive": {"fraction_of_positives": [0.0012987012987012987, 0.007633587786259542, 0.005248091603053435, 0.0038186157517899762, 0.008310249307479225, 0.029878273699741793, 0.06888544891640867], "mean_predicted_value": [0.001199459513704516, 0.004949896823514678, 0.005534361392741046, 0.006162200220374651, 0.013879772824231822, 0.03034836026854636, 0.06665074951118788], "brier_score": 0.015372783719443108}, "Isotonic": {"fraction_of_positives": [0.0035753575357535755, 0.0053733031674208145, 0.008310249307479225, 0.029878273699741793, 0.06888544891640867], "mean_predicted_value": [0.0037188207674588823, 0.005697537936303386, 0.013879772824231822, 0.03034836026854636, 0.06665074951118788], "brier_score": 0.015372972440414889}, "Sigmoid": {"fraction_of_positives": [0.0034711265383401703, 0.00390625, 0.0076495132127955496, 0.008264462809917356, 0.02984524686809138, 0.06888544891640867], "mean_predicted_value": [0.0044278013672488055, 0.005641182432614552, 0.00637176284873155, 0.00700594391473435, 0.028110909931587852, 0.07022383903136617], "brier_score": 0.015379682440668263}, "Bayesian": {"fraction_of_positives": [0.0025220680958385876, 0.005248091603053435, 0.00706401766004415, 0.029878273699741793, 0.06888544891640867], "mean_predicted_value": [0.0031492946850234364, 0.005719733079123101, 0.007933981043020571, 0.030224843346847993, 0.07020650026854006], "brier_score": 0.015381965642094389}, "Ensemble": {"fraction_of_positives": [0.0034711265383401703, 0.00390625, 0.0076495132127955496, 0.008264462809917356, 0.02984524686809138, 0.06888544891640867], "mean_predicted_value": [0.006138804849542592, 0.007216527401338127, 0.00785417346123802, 0.010800968642175841, 0.029029099865686844, 0.05824079725962761], "brier_score": 0.015384117417197824}, "Histogram": {"fraction_of_positives": [0.004646223284216116, 0.037640449438202245, 0.08126410835214447], "mean_predicted_value": [0.0050329002410009725, 0.035655810973238285, 0.0896453105561939], "brier_score": 0.015405959719572747}, "Platt": {"fraction_of_positives": [0.0034711265383401703, 0.00390625, 0.0076495132127955496, 0.008264462809917356, 0.02984524686809138, 0.06888544891640867], "mean_predicted_value": [0.01613964438708437, 0.01655002282400462, 0.01676199623117891, 0.016928270179755487, 0.01958079127317985, 0.021545254761280875], "brier_score": 0.015694151541509556}}