{
    "recall": [
        1.0,
        1.0,
        1.0,
        0.9813091322159859,
        0.9747497901674015,
        0.9747497901674015,
        0.9236961517159891,
        0.8805929152260604,
        0.8705699508386728,
        0.8705699508386728,
        0.2908864477113167,
        0.10899899738618267,
        0.0
    ],
    "precision": [
        0.017545244936511138,
        0.019643899469566965,
        0.019649464427001037,
        0.024956925603403336,
        0.02635087213849824,
        0.0263914088549336,
        0.03422370779600971,
        0.044151040945302436,
        0.047816337783013946,
        0.04782218138248977,
        0.053946585003309865,
        0.06159393495728706,
        1.0
    ],
    "pr_auc": 0.10214330550464362
}