{
    "thresholds": [
        0.01,
        0.03,
        0.05,
        0.06999999999999999,
        0.09,
        0.11,
        0.13,
        0.15000000000000002,
        0.17,
        0.19,
        0.21000000000000002,
        0.23,
        0.25,
        0.27,
        0.29000000000000004,
        0.31,
        0.33,
        0.35000000000000003,
        0.37,
        0.39,
        0.41000000000000003,
        0.43,
        0.45,
        0.47000000000000003,
        0.49,
        0.51,
        0.53,
        0.55,
        0.5700000000000001,
        0.59,
        0.61,
        0.63,
        0.65,
        0.67,
        0.6900000000000001,
        0.7100000000000001,
        0.73,
        0.75,
        0.77,
        0.79,
        0.81,
        0.8300000000000001,
        0.85,
        0.87,
        0.89,
        0.91,
        0.93,
        0.9500000000000001,
        0.97,
        0.99
    ],
    "net_benefits_model": [
        0.211244831204098,
        0.1989816700610998,
        0.18641154821881586,
        0.1734759725233413,
        0.16014487888214976,
        0.14647703608778234,
        0.13197087810473582,
        0.11676051275907509,
        0.10093408256242893,
        0.08440488463118015,
        0.06749937697113442,
        0.049771206390350986,
        0.030934600588368416,
        0.011039812515693442,
        -0.009644970979987205,
        -0.03158692208546099,
        -0.054661519287473065,
        -0.07906418089717485,
        -0.10534811797540927,
        -0.1326422044895552,
        -0.16200421139839144,
        -0.19344933957432617,
        -0.22735295932851937,
        -0.2630391064314901,
        -0.30203532872755345,
        -0.34363994070133147,
        -0.3887290375698748,
        -0.43795730557441365,
        -0.4910955335575241,
        -0.550063749109996,
        -0.6143384336867026,
        -0.685638795618429,
        -0.7659586848996219,
        -0.8552798864407828,
        -0.9560607056040998,
        -1.0694383968911683,
        -1.1996429559226571,
        -1.3504412763068567,
        -1.5272056436140384,
        -1.73582258429509,
        -1.983838925215279,
        -2.2942654047362336,
        -2.683118352568454,
        -3.190370254321374,
        -3.879948157748565,
        -4.858323904352419,
        -6.399602366404816,
        -9.120841819416171,
        -15.382100022629542,
        -45.778615071283056
    ],
    "net_benefits_all": [
        0.22298339813614762,
        0.20696243727297542,
        0.190266909636617,
        0.17285329479009265,
        0.15467424632394083,
        0.13567816197166985,
        0.11580869443078867,
        0.09500419312327779,
        0.07319706524673031,
        0.05031304216640267,
        0.02627033437314702,
        0.0009786547464755435,
        -0.025661914460285096,
        -0.05376224088385462,
        -0.0834456842890336,
        -0.11484990702204906,
        -0.14812900872419982,
        -0.1834560551464829,
        -0.22102608864319656,
        -0.2610597308937932,
        -0.30380751838171843,
        -0.3495551506056382,
        -0.39862988335493416,
        -0.4514083695192714,
        -0.5083263447945368,
        -0.5698906853983956,
        -0.6366945443515188,
        -0.7094365241004754,
        -0.7889451996400323,
        -0.8762108191346676,
        -0.9724267585774713,
        -1.0790444212032804,
        -1.1978469595577539,
        -1.3310498055915572,
        -1.4814401156297226,
        -1.6525739167076345,
        -1.8490608735007916,
        -2.076985743380855,
        -2.3445497210661475,
        -2.6630782659295904,
        -3.048665451816916,
        -3.5249790343836125,
        -4.128309572301425,
        -4.917280275732414,
        -5.9931494167746715,
        -7.547182620502378,
        -9.989234797788775,
        -14.384928716904296,
        -24.641547861507107,
        -75.92464358452132
    ],
    "net_benefits_none": [
        0,
        0,
        0,
        0,
        0,
        0,
        0,
        0,
        0,
        0,
        0,
        0,
        0,
        0,
        0,
        0,
        0,
        0,
        0,
        0,
        0,
        0,
        0,
        0,
        0,
        0,
        0,
        0,
        0,
        0,
        0,
        0,
        0,
        0,
        0,
        0,
        0,
        0,
        0,
        0,
        0,
        0,
        0,
        0,
        0,
        0,
        0,
        0,
        0,
        0
    ],
    "model_name": "PSGD",
    "prevalence": 0.23075356415478615
}