{"Adaptive": {"fraction_of_positives": [0.0, 0.0025974025974025974, 0.005859375, 0.012987012987012988, 0.01299545159194282, 0.021498371335504887, 0.05011709601873536, 0.03220035778175313], "mean_predicted_value": [0.0, 0.0010079184081605087, 0.003952984563710501, 0.007727629934102124, 0.016122106793328785, 0.021648389059639433, 0.043140394103122225, 0.06828945646528634], "brier_score": 0.015382328504173828}, "Isotonic": {"fraction_of_positives": [0.003336510962821735, 0.0036540803897685747, 0.012966804979253113, 0.0252167060677699, 0.057464454976303314], "mean_predicted_value": [0.0018568712848517164, 0.005243562174545241, 0.014288968767068862, 0.026631586376848513, 0.0544376536467411], "brier_score": 0.015460095274766602}, "Ensemble": {"fraction_of_positives": [0.0, 0.0048543689320388345, 0.004160887656033287, 0.0062413314840499305, 0.013176144244105409, 0.024271844660194174, 0.029251700680272108, 0.06082036775106082], "mean_predicted_value": [0.0029606424065770406, 0.004013088858334772, 0.008149424996092614, 0.014538911497840255, 0.018127778982368573, 0.02124210569510797, 0.02994500456923961, 0.04369319061778753], "brier_score": 0.01547668089396134}, "Bayesian": {"fraction_of_positives": [0.002600780234070221, 0.003472222222222222, 0.006065857885615251, 0.009098786828422877, 0.018197573656845753, 0.026019080659150044, 0.03355704697986577, 0.06082036775106082], "mean_predicted_value": [0.0034617042392385395, 0.004332755632582335, 0.006920415224913365, 0.009948097521364767, 0.01903114186851235, 0.026839826839826476, 0.0345982142857146, 0.06144067796610286], "brier_score": 0.015535451541959932}, "Histogram": {"fraction_of_positives": [0.0029239766081871343, 0.017676767676767676, 0.059670781893004114, 0.029411764705882353], "mean_predicted_value": [0.0027950984002432034, 0.019620336935812846, 0.049187176296122306, 0.11297169836522872], "brier_score": 0.015542451627628582}, "Sigmoid": {"fraction_of_positives": [0.004851004851004851, 0.0027739251040221915, 0.002775850104094379, 0.009015256588072122, 0.009708737864077669, 0.02011095700416089, 0.0326530612244898, 0.06082036775106082], "mean_predicted_value": [0.0036428126836477275, 0.003709725629364458, 0.013177281791019128, 0.02299367260235982, 0.023137520819389686, 0.023137753342864126, 0.023137753543295204, 0.023137753543338833], "brier_score": 0.015671778538198747}, "Platt": {"fraction_of_positives": [0.004851004851004851, 0.0027739251040221915, 0.002775850104094379, 0.009015256588072122, 0.009708737864077669, 0.02011095700416089, 0.0326530612244898, 0.06082036775106082], "mean_predicted_value": [0.0035572349595166188, 0.0036252766474919595, 0.013613263786507087, 0.024152408741001167, 0.02430931825060624, 0.024309571981375944, 0.024309572200087677, 0.024309572200135406], "brier_score": 0.015672130436332032}}