{"Isotonic": {"fraction_of_positives": [0.001697792869269949, 0.0013123359580052493, 0.005615550755939525, 0.02040816326530612, 0.03772489843296576, 0.08202764976958525], "mean_predicted_value": [0.0004904550698268422, 0.001635176370776019, 0.004975248647889998, 0.018251843035883068, 0.051418292901650675, 0.06940120379089848], "brier_score": 0.014886438450320737}, "Adaptive": {"fraction_of_positives": [0.0, 0.0025996533795493936, 0.002617801047120419, 0.005901639344262295, 0.007785467128027681, 0.018794556059624108, 0.05006418485237484, 0.06431718061674009], "mean_predicted_value": [0.0, 0.00052219058241115, 0.0012522331078969962, 0.00410425453294915, 0.006805514124200236, 0.017237045830331168, 0.04610053029942196, 0.08143758631255761], "brier_score": 0.014933900216876453}, "Ensemble": {"fraction_of_positives": [0.0020804438280166435, 0.0013850415512465374, 0.0006863417982155113, 0.0063025210084033615, 0.005559416261292564, 0.018698060941828253, 0.03398058252427184, 0.07361111111111111], "mean_predicted_value": [0.0016423556150027435, 0.002759551020466092, 0.004617209119052773, 0.005128179489072333, 0.006347655991287108, 0.014139347094281928, 0.040044511335342065, 0.06890093012659795], "brier_score": 0.015033369625639231}, "Histogram": {"fraction_of_positives": [0.0019157088122605363, 0.0014378145219266715, 0.006240998559769563, 0.0051094890510948905, 0.021148036253776436, 0.0538881309686221, 0.05628373168851195], "mean_predicted_value": [0.0005298140941784428, 0.001162373120680464, 0.0034399157272500575, 0.005769309477604056, 0.01798247707277149, 0.04301434042439817, 0.07793298444613213], "brier_score": 0.015152595775626042}, "Bayesian": {"fraction_of_positives": [0.0017338534893801473, 0.0034662045060658577, 0.004329004329004329, 0.008691873098652759, 0.025217391304347827, 0.04145077720207254, 0.07785467128027682], "mean_predicted_value": [0.002596278659657752, 0.0043252595155708565, 0.005185825410544384, 0.009544467234749793, 0.02604166666666709, 0.042241379310345446, 0.0782967923048029], "brier_score": 0.015184494736753618}, "Platt": {"fraction_of_positives": [0.0020804438280166435, 0.0013869625520110957, 0.005547850208044383, 0.005494505494505495, 0.004891684136967156, 0.015288394718554551, 0.03393351800554017, 0.07361111111111111], "mean_predicted_value": [0.0032039291557628582, 0.005438551063055763, 0.005903028312275707, 0.00645569396061292, 0.007518961471752993, 0.012763071341164361, 0.02883896336732969, 0.07202947608283529], "brier_score": 0.015340787971891512}, "Sigmoid": {"fraction_of_positives": [0.0020804438280166435, 0.0013869625520110957, 0.005547850208044383, 0.005494505494505495, 0.004891684136967156, 0.015288394718554551, 0.03393351800554017, 0.07361111111111111], "mean_predicted_value": [0.002629681153387965, 0.004642331088399114, 0.005069778644216752, 0.005582201487127246, 0.006579084023926813, 0.011640085863677959, 0.027997975240716542, 0.07478490543509664], "brier_score": 0.015352254176149027}}