{
    "prob_pred": [
        0.05725144596348643,
        0.1834962140708637,
        0.2321955201940872,
        0.3473957437603107,
        0.44683005664352543,
        0.5551500921077225,
        0.6404891037654649,
        0.7607356891473869,
        0.8242944305414681,
        NaN
    ],
    "prob_true": [
        0.000999981016694205,
        0.0027698836305951944,
        0.003808806731136345,
        0.009977802271434855,
        0.034692348967547616,
        0.09526087703419601,
        0.02649518222694652,
        0.033875132495490345,
        0.059921553790618795,
        NaN
    ]
}