{"Isotonic": {"fraction_of_positives": [0.002772177419354839, 0.015215110178384051, 0.019147398843930637, 0.0840080971659919], "mean_predicted_value": [0.00200514880712309, 0.01146023863808174, 0.02557165893108813, 0.08524661913184538], "brier_score": 0.015209205807273345}, "Histogram": {"fraction_of_positives": [0.0033492822966507177, 0.003115264797507788, 0.0068879148403256105, 0.013071895424836602, 0.017094017094017096, 0.01803968731208659, 0.035111411208642807, 0.05677966101694915], "mean_predicted_value": [0.0015692994910565916, 0.0037251222720211708, 0.005138091848610044, 0.00820507345061365, 0.012197091720416239, 0.017752957176785218, 0.033849003397066445, 0.07324618293585221], "brier_score": 0.015256264230274581}, "Ensemble": {"fraction_of_positives": [0.0, 0.006934812760055479, 0.0034674063800277394, 0.013176144244105409, 0.017337031900138695, 0.0159500693481276, 0.021497919556171984, 0.0638002773925104], "mean_predicted_value": [0.0026969636819988278, 0.003818031774416876, 0.00504561427792141, 0.011005931233457288, 0.012344049034865013, 0.019362725040737005, 0.027503305745078383, 0.0619728335515225], "brier_score": 0.015297865340976257}, "Adaptive": {"fraction_of_positives": [0.0, 0.005201560468140442, 0.009683666881859263, 0.012121212121212121, 0.013020833333333334, 0.01768172888015717, 0.024025974025974027, 0.07279029462738301], "mean_predicted_value": [0.0, 0.002489436345093469, 0.005235417821971916, 0.007779459159567038, 0.011622087718420574, 0.019757504030251102, 0.03371314587909663, 0.07388188104623394], "brier_score": 0.015341403796887202}, "Sigmoid": {"fraction_of_positives": [0.0020804438280166435, 0.004160887656033287, 0.004160887656033287, 0.017325017325017324, 0.011103400416377515, 0.01662049861495845, 0.022916666666666665, 0.0638002773925104], "mean_predicted_value": [0.003943230823003161, 0.0044963257674853875, 0.005212397873232481, 0.006800164153546075, 0.011652675149095659, 0.018412448026334474, 0.03276172057184646, 0.059267323488295824], "brier_score": 0.015421377292503724}, "Platt": {"fraction_of_positives": [0.0020804438280166435, 0.004160887656033287, 0.004160887656033287, 0.017325017325017324, 0.011103400416377515, 0.01662049861495845, 0.022916666666666665, 0.0638002773925104], "mean_predicted_value": [0.005212749257551312, 0.00582892854056395, 0.006609779715343115, 0.008281196710156005, 0.01309603424068772, 0.019330284046607405, 0.0315942410370053, 0.05227128943784721], "brier_score": 0.01543783080501121}, "Bayesian": {"fraction_of_positives": [0.0025996533795493936, 0.004336513443191674, 0.006944444444444444, 0.014316702819956615, 0.018197573656845753, 0.01903114186851211, 0.022549869904596703, 0.07272727272727272], "mean_predicted_value": [0.003460207612456686, 0.005194805194805196, 0.0077989601386481465, 0.015158074115805777, 0.01903114186851235, 0.019861830742659473, 0.02337662337662373, 0.07375435022493858], "brier_score": 0.015440216623229815}}