{
    "platt": {
        "prob_true": [
            0.012092710782667115,
            0.05371900826446281
        ],
        "prob_pred": [
            0.012666969251395925,
            0.04977680291732788
        ],
        "brier": 0.01689310662604691,
        "auc": 0.8134786244908143
    },
    "isotonic": {
        "prob_true": [
            0.007012076353720296,
            0.047126436781609195,
            0.125,
            0.08333333333333333,
            0.25
        ],
        "prob_pred": [
            0.004017890861155895,
            0.061629687976366726,
            0.11888437722006752,
            0.13436760252118882,
            0.38895407468450166
        ],
        "brier": 0.016431368448981618,
        "auc": 0.8439128014303464
    },
    "adaptive": {
        "prob_true": [
            0.010702818408847663,
            0.05569620253164557,
            0.0603448275862069,
            0.04,
            0.0,
            0.0
        ],
        "prob_pred": [
            0.006178658556655654,
            0.04960843998963012,
            0.08144858037007538,
            0.11406214343476262,
            0.1451321005702485,
            0.1790085587923313
        ],
        "brier": 0.016597235884289956,
        "auc": 0.871741792896866
    },
    "histogram": {
        "prob_true": [
            0.0,
            0.01020408163265306,
            0.0,
            0.0,
            0.017543859649122806,
            0.002398081534772182,
            0.005689900426742532,
            0.01182033096926714,
            0.009523809523809525,
            0.0,
            0.010101010101010102,
            0.03305785123966942,
            0.0,
            0.041666666666666664,
            0.08695652173913043,
            0.016129032258064516,
            0.018691588785046728,
            0.046511627906976744,
            0.047619047619047616,
            0.027777777777777776,
            0.08,
            0.0,
            0.012987012987012988,
            0.045454545454545456,
            0.07734806629834254,
            0.04597701149425287
        ],
        "prob_pred": [
            0.028270978025771054,
            0.05110597448751087,
            0.07488348355029245,
            0.1205038543154289,
            0.15013217186520575,
            0.19337070326338332,
            0.21637625378067965,
            0.24638679516359752,
            0.27936477210391436,
            0.31577812620457313,
            0.35108237720655844,
            0.38162953570133823,
            0.41429701795780693,
            0.44922030232858656,
            0.4889565284664211,
            0.5130960558943771,
            0.5535054540810036,
            0.5841314987890341,
            0.617916537132883,
            0.6546155500463943,
            0.6766251518380076,
            0.7203353729719874,
            0.7468826813309145,
            0.7901626453342054,
            0.8197487439252628,
            0.8367917679599072
        ],
        "brier": 0.14907945904854844,
        "auc": 0.81266447801789
    },
    "bbq": {
        "prob_true": [
            0.010240112994350282,
            0.05295315682281059,
            0.07692307692307693,
            0.048
        ],
        "prob_pred": [
            0.005713542038515471,
            0.05546320412031266,
            0.11290604751743209,
            0.18527353264284685
        ],
        "brier": 0.01602535067422859,
        "auc": 0.8737214880601731
    },
    "sigmoid": {
        "prob_true": [
            0.013372472276581865,
            0.02877697841726619,
            0.06640625
        ],
        "prob_pred": [
            0.0020995594435419267,
            0.04898417450874002,
            0.08046774935451358
        ],
        "brier": 0.017176963995388587,
        "auc": 0.8134786244908143
    },
    "kernel": {
        "prob_true": [
            0.009654660230226514,
            0.046875
        ],
        "prob_pred": [
            0.009104324934141051,
            0.046280604250001606
        ],
        "brier": 0.016788099899188214,
        "auc": 0.8134786244908143
    },
    "ensemble": {
        "prob_true": [
            0.007012076353720296,
            0.03862660944206009,
            0.0589622641509434,
            0.0,
            0.5
        ],
        "prob_pred": [
            0.009488993501018714,
            0.0492249141608876,
            0.07695278903183177,
            0.13263403443299474,
            0.1351494483573366
        ],
        "brier": 0.016435443801762078,
        "auc": 0.8668461487927064
    }
}