{"Histogram": {"fraction_of_positives": [0.0010619469026548673, 0.002421307506053269, 0.006191950464396285, 0.010539367637941723, 0.014749262536873156, 0.11586715867158671], "mean_predicted_value": [0.000977220034025255, 0.001399031776141141, 0.0024090294770044147, 0.004756158612180158, 0.0151013087095891, 0.16155002457339446], "brier_score": 0.0107766930596238}, "Isotonic": {"fraction_of_positives": [0.0009414422895876483, 0.003219575016097875, 0.0074418604651162795, 0.009769713886950453, 0.02485089463220676, 0.12780656303972365], "mean_predicted_value": [0.001034991686624903, 0.0015295984204684006, 0.004101859484012712, 0.00908886731062616, 0.018221956872848034, 0.18589548224600377], "brier_score": 0.010872007127649548}, "Ensemble": {"fraction_of_positives": [0.0, 0.0, 0.0, 0.0034674063800277394, 0.004160887656033287, 0.009708737864077669, 0.014563106796116505, 0.11026352288488211], "mean_predicted_value": [0.0010228912235897814, 0.0013156174739822324, 0.0016420274766650192, 0.0023013466727759674, 0.0033606046594453778, 0.006206485161726466, 0.01414056199916308, 0.13826042324188173], "brier_score": 0.011277883543604471}, "Sigmoid": {"fraction_of_positives": [0.001386001386001386, 0.0013879250520471894, 0.0006934812760055479, 0.0006934812760055479, 0.0076282940360610264, 0.0076282940360610264, 0.014553014553014554, 0.10825815405968078], "mean_predicted_value": [0.0013065990096875672, 0.0013384786668536968, 0.0014339237872969938, 0.0016905547296857974, 0.002321175675790797, 0.004071775330172018, 0.01215121081483728, 0.16009144982819573], "brier_score": 0.011444218720572616}, "Adaptive": {"fraction_of_positives": [0.0, 0.006060606060606061, 0.00390625, 0.011711125569290826, 0.018229166666666668, 0.1266261925411969], "mean_predicted_value": [0.0, 0.0017943249892479432, 0.0037413780656677382, 0.006411746480505105, 0.020155511850948365, 0.1798572420500809], "brier_score": 0.011729379620893618}, "Platt": {"fraction_of_positives": [0.001386001386001386, 0.0013879250520471894, 0.0006934812760055479, 0.0006934812760055479, 0.0076282940360610264, 0.0076282940360610264, 0.014553014553014554, 0.10825815405968078], "mean_predicted_value": [0.0026182303484234342, 0.0026669063316035278, 0.002810972437611093, 0.0031870312325138583, 0.004057929610973557, 0.0062197953806598484, 0.01417396329149755, 0.10636088799498485], "brier_score": 0.012121657723291773}, "Bayesian": {"fraction_of_positives": [0.0, 0.0008665511265164644, 0.003469210754553339, 0.006068487212830516, 0.010407632263660017, 0.023417172593235037, 0.1264069264069264], "mean_predicted_value": [0.0008654262221335794, 0.0017301038062283154, 0.004329004329004343, 0.006923409777068632, 0.011255411255410953, 0.02424242424242375, 0.1274852420306951], "brier_score": 0.013992373410845449}}