{
    "thresholds": [
        0.01,
        0.019999999999999997,
        0.03,
        0.039999999999999994,
        0.049999999999999996,
        0.05999999999999999,
        0.06999999999999999,
        0.07999999999999999,
        0.08999999999999998,
        0.09999999999999998,
        0.10999999999999997,
        0.11999999999999998,
        0.12999999999999998,
        0.13999999999999999,
        0.15,
        0.15999999999999998,
        0.16999999999999998,
        0.18,
        0.18999999999999997,
        0.19999999999999998,
        0.20999999999999996,
        0.21999999999999997,
        0.22999999999999998,
        0.23999999999999996,
        0.24999999999999997,
        0.25999999999999995,
        0.26999999999999996,
        0.27999999999999997,
        0.29,
        0.3
    ],
    "net_benefit_model": [
        0.007842725347058101,
        -0.0022813284759310992,
        -0.011890510818488808,
        -0.0216818313113807,
        -0.031743136002918906,
        -0.041834138426933135,
        -0.05131753042246696,
        -0.060583226584281495,
        -0.07021444759746318,
        -0.08058925476603115,
        -0.09148443128931122,
        -0.10254844808570979,
        -0.11318950576704714,
        -0.12465237193180442,
        -0.13536038332143951,
        -0.14657093339935623,
        -0.15802551627654463,
        -0.1683222724774908,
        -0.1781083509853007,
        -0.16616117850953205,
        -0.16286225127788861,
        -0.15322401457583432,
        -0.1482477660987193,
        -0.14124783362218368,
        -0.13547082611207395,
        -0.1344325261136353,
        -0.13677263122907812,
        -0.14132004621606006,
        -0.14407327849244517,
        -0.14886110423372123
    ],
    "net_benefit_all": [
        0.008016905300668984,
        -0.0021053711758547977,
        -0.012436354383853303,
        -0.022982566408685103,
        -0.033750803949829156,
        -0.04474815292801881,
        -0.05598200403477171,
        -0.06746006929601922,
        -0.07919039972784361,
        -0.09118140416926407,
        -0.10344186938464908,
        -0.11598098153674738,
        -0.12880834914061803,
        -0.14193402761899732,
        -0.15536854559098554,
        -0.16912293303849724,
        -0.18320875150884058,
        -0.19763812652724108,
        -0.21242378241029342,
        -0.2275790796904221,
        -0.24311805538270587,
        -0.25905546634915083,
        -0.275406836041997,
        -0.2921885049372864,
        -0.3094176850031169,
        -0.3271125185842401,
        -0.34529214212648995,
        -0.36397675521158007,
        -0.38318769542582776,
        -0.40294751964619674
    ],
    "net_benefit_none": [
        0.0,
        0.0,
        0.0,
        0.0,
        0.0,
        0.0,
        0.0,
        0.0,
        0.0,
        0.0,
        0.0,
        0.0,
        0.0,
        0.0,
        0.0,
        0.0,
        0.0,
        0.0,
        0.0,
        0.0,
        0.0,
        0.0,
        0.0,
        0.0,
        0.0,
        0.0,
        0.0,
        0.0,
        0.0,
        0.0
    ]
}