{
    "thresholds": [
        0.01,
        0.03,
        0.05,
        0.06999999999999999,
        0.09,
        0.11,
        0.13,
        0.15000000000000002,
        0.17,
        0.19,
        0.21000000000000002,
        0.23,
        0.25,
        0.27,
        0.29000000000000004,
        0.31,
        0.33,
        0.35000000000000003,
        0.37,
        0.39,
        0.41000000000000003,
        0.43,
        0.45,
        0.47000000000000003,
        0.49,
        0.51,
        0.53,
        0.55,
        0.5700000000000001,
        0.59,
        0.61,
        0.63,
        0.65,
        0.67,
        0.6900000000000001,
        0.7100000000000001,
        0.73,
        0.75,
        0.77,
        0.79,
        0.81,
        0.8300000000000001,
        0.85,
        0.87,
        0.89,
        0.91,
        0.93,
        0.9500000000000001,
        0.97,
        0.99
    ],
    "net_benefits_model": [
        0.2207101565553704,
        0.21132900805565472,
        0.20433415514345946,
        0.19488645073692049,
        0.18377535566944936,
        0.17603225092870164,
        0.17242315705690942,
        0.16847170640150153,
        0.15970848771869556,
        0.15448190892861632,
        0.15161342992429125,
        0.14827236578764075,
        0.1447386286490156,
        0.14352500255744963,
        0.1364217893921574,
        0.13409880260141482,
        0.13107780851344092,
        0.13080056399811998,
        0.12580631256802335,
        0.12219180216575963,
        0.11496887477418388,
        0.11401364919426878,
        0.11049805591557121,
        0.10716801803532772,
        0.10629900296846506,
        0.10202834698034,
        0.0968410105299649,
        0.09569284151768877,
        0.09069293800028416,
        0.08969416985412217,
        0.08605323167441295,
        0.08157281517770315,
        0.07858597614198429,
        0.0763397724701187,
        0.07341173378884436,
        0.06825619776669709,
        0.06412964220160419,
        0.05858791581805838,
        0.06021134035833407,
        0.05315682281059062,
        0.04844392039161038,
        0.04652769458088734,
        0.042136229916270654,
        0.03456055146482845,
        0.02883416651237425,
        0.028988458927359125,
        0.015488313451653558,
        0.006653088934147972,
        -0.008961303462321777,
        -0.017718940936863527
    ],
    "net_benefits_all": [
        0.22298339813614762,
        0.20696243727297542,
        0.190266909636617,
        0.17285329479009265,
        0.15467424632394083,
        0.13567816197166985,
        0.11580869443078867,
        0.09500419312327779,
        0.07319706524673031,
        0.05031304216640267,
        0.02627033437314702,
        0.0009786547464755435,
        -0.025661914460285096,
        -0.05376224088385462,
        -0.0834456842890336,
        -0.11484990702204906,
        -0.14812900872419982,
        -0.1834560551464829,
        -0.22102608864319656,
        -0.2610597308937932,
        -0.30380751838171843,
        -0.3495551506056382,
        -0.39862988335493416,
        -0.4514083695192714,
        -0.5083263447945368,
        -0.5698906853983956,
        -0.6366945443515188,
        -0.7094365241004754,
        -0.7889451996400323,
        -0.8762108191346676,
        -0.9724267585774713,
        -1.0790444212032804,
        -1.1978469595577539,
        -1.3310498055915572,
        -1.4814401156297226,
        -1.6525739167076345,
        -1.8490608735007916,
        -2.076985743380855,
        -2.3445497210661475,
        -2.6630782659295904,
        -3.048665451816916,
        -3.5249790343836125,
        -4.128309572301425,
        -4.917280275732414,
        -5.9931494167746715,
        -7.547182620502378,
        -9.989234797788775,
        -14.384928716904296,
        -24.641547861507107,
        -75.92464358452132
    ],
    "net_benefits_none": [
        0,
        0,
        0,
        0,
        0,
        0,
        0,
        0,
        0,
        0,
        0,
        0,
        0,
        0,
        0,
        0,
        0,
        0,
        0,
        0,
        0,
        0,
        0,
        0,
        0,
        0,
        0,
        0,
        0,
        0,
        0,
        0,
        0,
        0,
        0,
        0,
        0,
        0,
        0,
        0,
        0,
        0,
        0,
        0,
        0,
        0,
        0,
        0,
        0,
        0
    ],
    "model_name": "RF",
    "prevalence": 0.23075356415478615
}