{
    "thresholds": [
        0.01,
        0.03,
        0.05,
        0.06999999999999999,
        0.09,
        0.11,
        0.13,
        0.15000000000000002,
        0.17,
        0.19,
        0.21000000000000002,
        0.23,
        0.25,
        0.27,
        0.29000000000000004,
        0.31,
        0.33,
        0.35000000000000003,
        0.37,
        0.39,
        0.41000000000000003,
        0.43,
        0.45,
        0.47000000000000003,
        0.49,
        0.51,
        0.53,
        0.55,
        0.5700000000000001,
        0.59,
        0.61,
        0.63,
        0.65,
        0.67,
        0.6900000000000001,
        0.7100000000000001,
        0.73,
        0.75,
        0.77,
        0.79,
        0.81,
        0.8300000000000001,
        0.85,
        0.87,
        0.89,
        0.91,
        0.93,
        0.9500000000000001,
        0.97,
        0.99
    ],
    "net_benefits_model": [
        0.22298339813614762,
        0.20743695802800932,
        0.19308607567799335,
        0.17602654227711714,
        0.16452257857553176,
        0.15500354699192204,
        0.14321698621157852,
        0.1246475779721257,
        0.11376667566395929,
        0.09893054403124554,
        0.08819166945955469,
        0.06969167967131307,
        0.05960624575695861,
        0.04814050163211783,
        0.034256045437595,
        0.021059259915188366,
        0.013694257835060925,
        0.011885738158650572,
        0.000998933178159217,
        -0.007042614047388512,
        -0.018904115894001622,
        -0.02236633675158703,
        -0.02665555761278776,
        -0.028754050903687794,
        -0.0387564394393195,
        -0.051617551297504755,
        -0.057974028975459,
        -0.06605566870332658,
        -0.06915802270323186,
        -0.06723958074611294,
        -0.042867338590352855,
        -0.043846901891708395,
        -0.022422655416545464,
        -0.031068320681355316,
        -0.03388082254779584,
        -0.03958611325701717,
        -0.03933016519574563,
        -0.04270196877121521,
        -0.04818914371734703,
        -0.04897358807745775,
        -0.035391431736163236,
        -0.028760832235134395,
        -0.009051821679112919,
        -0.0031489895033683206,
        -0.003048818120101216,
        -0.000905182167911293,
        0.0,
        0.0,
        0.0,
        0.0
    ],
    "net_benefits_all": [
        0.22298339813614762,
        0.20696243727297542,
        0.190266909636617,
        0.17285329479009265,
        0.15467424632394083,
        0.13567816197166985,
        0.11580869443078867,
        0.09500419312327779,
        0.07319706524673031,
        0.05031304216640267,
        0.02627033437314702,
        0.0009786547464755435,
        -0.025661914460285096,
        -0.05376224088385462,
        -0.0834456842890336,
        -0.11484990702204906,
        -0.14812900872419982,
        -0.1834560551464829,
        -0.22102608864319656,
        -0.2610597308937932,
        -0.30380751838171843,
        -0.3495551506056382,
        -0.39862988335493416,
        -0.4514083695192714,
        -0.5083263447945368,
        -0.5698906853983956,
        -0.6366945443515188,
        -0.7094365241004754,
        -0.7889451996400323,
        -0.8762108191346676,
        -0.9724267585774713,
        -1.0790444212032804,
        -1.1978469595577539,
        -1.3310498055915572,
        -1.4814401156297226,
        -1.6525739167076345,
        -1.8490608735007916,
        -2.076985743380855,
        -2.3445497210661475,
        -2.6630782659295904,
        -3.048665451816916,
        -3.5249790343836125,
        -4.128309572301425,
        -4.917280275732414,
        -5.9931494167746715,
        -7.547182620502378,
        -9.989234797788775,
        -14.384928716904296,
        -24.641547861507107,
        -75.92464358452132
    ],
    "net_benefits_none": [
        0,
        0,
        0,
        0,
        0,
        0,
        0,
        0,
        0,
        0,
        0,
        0,
        0,
        0,
        0,
        0,
        0,
        0,
        0,
        0,
        0,
        0,
        0,
        0,
        0,
        0,
        0,
        0,
        0,
        0,
        0,
        0,
        0,
        0,
        0,
        0,
        0,
        0,
        0,
        0,
        0,
        0,
        0,
        0,
        0,
        0,
        0,
        0,
        0,
        0
    ],
    "model_name": "RF",
    "prevalence": 0.23075356415478615
}