{
    "thresholds": [
        0.01,
        0.019999999999999997,
        0.03,
        0.039999999999999994,
        0.049999999999999996,
        0.05999999999999999,
        0.06999999999999999,
        0.07999999999999999,
        0.08999999999999998,
        0.09999999999999998,
        0.10999999999999997,
        0.11999999999999998,
        0.12999999999999998,
        0.13999999999999999,
        0.15,
        0.15999999999999998,
        0.16999999999999998,
        0.18,
        0.18999999999999997,
        0.19999999999999998,
        0.20999999999999996,
        0.21999999999999997,
        0.22999999999999998,
        0.23999999999999996,
        0.24999999999999997,
        0.25999999999999995,
        0.26999999999999996,
        0.27999999999999997,
        0.29,
        0.3
    ],
    "net_benefit_model": [
        0.009230082453652644,
        0.002122166024121956,
        -0.0023718487019600137,
        -0.0065171865973425724,
        -0.011196752713673264,
        -0.014362623990560115,
        -0.01766180279905331,
        -0.020627684424685395,
        -0.023844439788980508,
        -0.026766801463508558,
        -0.02995443304188654,
        -0.03251536158815188,
        -0.03469690631287475,
        -0.03752367901334085,
        -0.03932612906514425,
        -0.04200709746636955,
        -0.04473178676578062,
        -0.0465612715052627,
        -0.04788497336157647,
        -0.050151646447140374,
        -0.052195994120615125,
        -0.0544816246722659,
        -0.0560332215444867,
        -0.05714676639605945,
        -0.05863662622761409,
        -0.06041266569862757,
        -0.06359060801025616,
        -0.06535239745811669,
        -0.06772524226816706,
        -0.07050012379301808
    ],
    "net_benefit_all": [
        0.008016905300668984,
        -0.0021053711758547977,
        -0.012436354383853303,
        -0.022982566408685103,
        -0.033750803949829156,
        -0.04474815292801881,
        -0.05598200403477171,
        -0.06746006929601922,
        -0.07919039972784361,
        -0.09118140416926407,
        -0.10344186938464908,
        -0.11598098153674738,
        -0.12880834914061803,
        -0.14193402761899732,
        -0.15536854559098554,
        -0.16912293303849724,
        -0.18320875150884058,
        -0.19763812652724108,
        -0.21242378241029342,
        -0.2275790796904221,
        -0.24311805538270587,
        -0.25905546634915083,
        -0.275406836041997,
        -0.2921885049372864,
        -0.3094176850031169,
        -0.3271125185842401,
        -0.34529214212648995,
        -0.36397675521158007,
        -0.38318769542582776,
        -0.40294751964619674
    ],
    "net_benefit_none": [
        0.0,
        0.0,
        0.0,
        0.0,
        0.0,
        0.0,
        0.0,
        0.0,
        0.0,
        0.0,
        0.0,
        0.0,
        0.0,
        0.0,
        0.0,
        0.0,
        0.0,
        0.0,
        0.0,
        0.0,
        0.0,
        0.0,
        0.0,
        0.0,
        0.0,
        0.0,
        0.0,
        0.0,
        0.0,
        0.0
    ]
}