{
    "train_sizes": [
        807,
        1615,
        2422,
        3230,
        4037,
        4845,
        5652,
        6460,
        7267,
        8075
    ],
    "train_scores": [
        0.9997919267582188,
        0.9919337304865853,
        0.9708488241881299,
        0.9616976863513387,
        0.9665825977301387,
        0.9633070979040674,
        0.957776011305423,
        0.9588405643527498,
        0.9477939461778835,
        0.9481140392638123
    ],
    "test_scores": [
        0.7458241987681385,
        0.7413233493722062,
        0.7592959029695641,
        0.763625924133284,
        0.7456343896212358,
        0.777035940361966,
        0.7737071624481583,
        0.7771189818637361,
        0.7661883476164717,
        0.787480188670292
    ]
}