{
    "train_sizes": [
        1000,
        1500,
        2000,
        2500,
        3000,
        3500,
        4000,
        4500,
        5000,
        5500,
        6000,
        6500,
        7000,
        7500,
        8000
    ],
    "train_scores": [
        0.7153341793570219,
        0.6724629194050503,
        0.6944674663758634,
        0.6926841859431833,
        0.6985882977860676,
        0.6999588039960108,
        0.7192009705793145,
        0.7419746889140272,
        0.7417515343673269,
        0.7474578191354118,
        0.74067217657178,
        0.7355622893330155,
        0.7606925923185341,
        0.7675126450628522,
        0.7688921694478259
    ],
    "test_scores": [
        0.6460541050973246,
        0.6626512541639382,
        0.6858993157380254,
        0.6745423226945306,
        0.6777500972771878,
        0.6887590277975496,
        0.6928686330894287,
        0.6971419487705113,
        0.7045124752061802,
        0.704139025709649,
        0.713129098691266,
        0.7239055130066718,
        0.7137884482153195,
        0.7088768992777762,
        0.7057490817982519
    ],
    "train_cis": [
        [
            0.05850698732083215,
            0.05850698732083215
        ],
        [
            0.051970868491122646,
            0.051970868491122646
        ],
        [
            0.026106425245353004,
            0.026106425245353004
        ],
        [
            0.03971275006565478,
            0.03971275006565478
        ],
        [
            0.03796577963679937,
            0.03796577963679937
        ],
        [
            0.030138143819914642,
            0.030138143819914642
        ],
        [
            0.03077549992491113,
            0.03077549992491113
        ],
        [
            0.01897356845700593,
            0.01897356845700593
        ],
        [
            0.02398280171320688,
            0.02398280171320688
        ],
        [
            0.025246821673784114,
            0.025246821673784114
        ],
        [
            0.018733816894445532,
            0.018733816894445532
        ],
        [
            0.01263790181777924,
            0.01263790181777924
        ],
        [
            0.010236707431609426,
            0.010236707431609426
        ],
        [
            0.014459477048162084,
            0.014459477048162084
        ],
        [
            0.013462970101351335,
            0.013462970101351335
        ]
    ],
    "n_resamples": 10,
    "cv": 5
}