{
    "train_sizes": [
        1000,
        1500,
        2000,
        2500,
        3000,
        3500,
        4000,
        4500,
        5000,
        5500,
        6000,
        6500,
        7000,
        7500,
        8000
    ],
    "train_scores": [
        0.5681437549639146,
        0.640870363964795,
        0.6808433296982914,
        0.7315773006253483,
        0.683630807223337,
        0.678985171847211,
        0.7682238028094011,
        0.7617929864253393,
        0.7779103562121499,
        0.7667445406480533,
        0.7254616045210791,
        0.7147832896394403,
        0.7564949170190275,
        0.776085870152705,
        0.7834320050725905
    ],
    "test_scores": [
        0.6472254647951484,
        0.6505400070229385,
        0.6766933348518065,
        0.6681827672275527,
        0.6745390010344599,
        0.7065242149019161,
        0.7484032305516803,
        0.6989033776537692,
        0.7188712999079425,
        0.7169328739951979,
        0.7138911824160806,
        0.7130109424973189,
        0.6880462944509296,
        0.6685196784633052,
        0.7104888534578481
    ]
}