{
    "train_sizes": [
        807,
        1615,
        2422,
        3230,
        4037,
        4845,
        5652,
        6460,
        7267,
        8075
    ],
    "train_scores": [
        0.6393566064273015,
        0.7708298171589311,
        0.7862523973916379,
        0.8076923881550856,
        0.8446347004543725,
        0.8386376913190794,
        0.8299807781503002,
        0.8266131322738411,
        0.8435412281292987,
        0.8262672633590702
    ],
    "test_scores": [
        0.6635443062001158,
        0.7610658732644326,
        0.7694530649431996,
        0.7575069517600053,
        0.7781225977279846,
        0.7675098938017824,
        0.7872168284789645,
        0.7953596408810941,
        0.7895016560848067,
        0.7872951247520619
    ]
}