{
    "train_sizes": [
        1000,
        1500,
        2000,
        2500,
        3000,
        3500,
        4000,
        4500,
        5000,
        5500,
        6000,
        6500,
        7000,
        7500,
        8000
    ],
    "train_scores": [
        0.4914201975206326,
        0.6456541757946116,
        0.6753180661577607,
        0.7041993001396408,
        0.6889484200585464,
        0.6649788641210521,
        0.7458274535953342,
        0.7524674773755656,
        0.7763321990524892,
        0.7511475505948034,
        0.7032557202255487,
        0.7097238772939293,
        0.7136186153981676,
        0.7442138907546088,
        0.739357329512179
    ],
    "test_scores": [
        0.6285719708832769,
        0.6559092332659511,
        0.6731083145896801,
        0.6755022824549914,
        0.693164023574296,
        0.722022131746529,
        0.7243306854957341,
        0.7022535090966033,
        0.744419611081058,
        0.7477127997798214,
        0.7186909812183849,
        0.7169684632102421,
        0.7069726390114739,
        0.7320915069897218,
        0.7595972249902723
    ]
}