{
    "thresholds": [
        0.0,
        0.01,
        0.02,
        0.03,
        0.04,
        0.05,
        0.06,
        0.07,
        0.08,
        0.09,
        0.1,
        0.11,
        0.12,
        0.13,
        0.14,
        0.15,
        0.16,
        0.17,
        0.18,
        0.19,
        0.2,
        0.21,
        0.22,
        0.23,
        0.24,
        0.25,
        0.26,
        0.27,
        0.28,
        0.29,
        0.3,
        0.31,
        0.32,
        0.33,
        0.34,
        0.35000000000000003,
        0.36,
        0.37,
        0.38,
        0.39,
        0.4,
        0.41000000000000003,
        0.42,
        0.43,
        0.44,
        0.45,
        0.46,
        0.47000000000000003,
        0.48,
        0.49,
        0.5,
        0.51,
        0.52,
        0.53,
        0.54,
        0.55,
        0.56,
        0.5700000000000001,
        0.58,
        0.59,
        0.6,
        0.61,
        0.62,
        0.63,
        0.64,
        0.65,
        0.66,
        0.67,
        0.68,
        0.6900000000000001,
        0.7000000000000001,
        0.71,
        0.72,
        0.73,
        0.74,
        0.75,
        0.76,
        0.77,
        0.78,
        0.79,
        0.8,
        0.81,
        0.8200000000000001,
        0.8300000000000001,
        0.84,
        0.85,
        0.86,
        0.87,
        0.88,
        0.89,
        0.9,
        0.91,
        0.92,
        0.93,
        0.9400000000000001,
        0.9500000000000001,
        0.96,
        0.97,
        0.98,
        0.99,
        1.0
    ],
    "sensitivity": [
        1.0,
        1.0,
        1.0,
        1.0,
        1.0,
        1.0,
        1.0,
        0.9838709677419355,
        0.9838709677419355,
        0.9838709677419355,
        0.9838709677419355,
        0.9838709677419355,
        0.9838709677419355,
        0.9838709677419355,
        0.967741935483871,
        0.967741935483871,
        0.967741935483871,
        0.967741935483871,
        0.967741935483871,
        0.967741935483871,
        0.9516129032258065,
        0.9354838709677419,
        0.9193548387096774,
        0.9032258064516129,
        0.8387096774193549,
        0.8387096774193549,
        0.8225806451612904,
        0.8064516129032258,
        0.8064516129032258,
        0.7903225806451613,
        0.7903225806451613,
        0.7903225806451613,
        0.7903225806451613,
        0.7903225806451613,
        0.7903225806451613,
        0.7903225806451613,
        0.7903225806451613,
        0.7419354838709677,
        0.7419354838709677,
        0.7258064516129032,
        0.7096774193548387,
        0.7096774193548387,
        0.7096774193548387,
        0.7096774193548387,
        0.7096774193548387,
        0.7096774193548387,
        0.6774193548387096,
        0.6612903225806451,
        0.6451612903225806,
        0.6129032258064516,
        0.5967741935483871,
        0.5967741935483871,
        0.5806451612903226,
        0.5806451612903226,
        0.5806451612903226,
        0.5806451612903226,
        0.5483870967741935,
        0.5483870967741935,
        0.5,
        0.5,
        0.4838709677419355,
        0.41935483870967744,
        0.41935483870967744,
        0.41935483870967744,
        0.41935483870967744,
        0.41935483870967744,
        0.4032258064516129,
        0.4032258064516129,
        0.4032258064516129,
        0.3709677419354839,
        0.3387096774193548,
        0.3387096774193548,
        0.3387096774193548,
        0.3387096774193548,
        0.3387096774193548,
        0.3387096774193548,
        0.3225806451612903,
        0.3225806451612903,
        0.3225806451612903,
        0.3225806451612903,
        0.2903225806451613,
        0.1935483870967742,
        0.16129032258064516,
        0.0967741935483871,
        0.016129032258064516,
        0.0,
        0.0,
        0.0,
        0.0,
        0.0,
        0.0,
        0.0,
        0.0,
        0.0,
        0.0,
        0.0,
        0.0,
        0.0,
        0.0,
        0.0,
        0.0
    ],
    "specificity": [
        0.0,
        0.0,
        0.0,
        0.02206531332744925,
        0.03559870550161812,
        0.04236540158870256,
        0.04824948514268903,
        0.06913798175934098,
        0.08649602824360106,
        0.0970873786407767,
        0.10179464548396587,
        0.10326566637246248,
        0.10473668726095911,
        0.11062077081494558,
        0.11268020005884083,
        0.11885848779052663,
        0.12327155045601648,
        0.12797881729920565,
        0.13857016769638128,
        0.1503383348043542,
        0.25007355104442486,
        0.3056781406295969,
        0.38393645189761694,
        0.43453957046190056,
        0.48955575169167403,
        0.536922624301265,
        0.5672256546042954,
        0.5822300676669608,
        0.5901735804648426,
        0.6034127684613122,
        0.6092968520152986,
        0.6213592233009708,
        0.6340100029420418,
        0.6425419240953222,
        0.6507796410709032,
        0.656957928802589,
        0.6696087084436599,
        0.6793174463077376,
        0.6916740217711091,
        0.7002059429243895,
        0.7084436598999706,
        0.717858193586349,
        0.726978523095028,
        0.7308031774051191,
        0.7366872609591056,
        0.7434539570461901,
        0.7511032656663724,
        0.755222124154163,
        0.7575757575757576,
        0.7599293909973521,
        0.7666960870844366,
        0.7728743748161224,
        0.7790526625478081,
        0.7819947043248014,
        0.7902324213003825,
        0.7931744630773757,
        0.8078846719623418,
        0.8170050014710208,
        0.8278905560458959,
        0.8320094145336864,
        0.8396587231538688,
        0.8458370108855546,
        0.8520152986172403,
        0.8605472197705207,
        0.8649602824360106,
        0.8670197116799059,
        0.8702559576345984,
        0.8767284495439835,
        0.8832009414533687,
        0.884377758164166,
        0.8870255957634599,
        0.8884966166519565,
        0.8893792291850544,
        0.8905560458958517,
        0.8961459252721389,
        0.9067372756693145,
        0.9137981759340983,
        0.9143865842894969,
        0.9152691968225949,
        0.9187996469549867,
        0.9264489555751692,
        0.9420417769932333,
        0.9502794939688144,
        0.9632244777875846,
        0.9964695498676082,
        1.0,
        1.0,
        1.0,
        1.0,
        1.0,
        1.0,
        1.0,
        1.0,
        1.0,
        1.0,
        1.0,
        1.0,
        1.0,
        1.0,
        1.0,
        1.0
    ],