{
    "thresholds": [
        0.0,
        0.01,
        0.02,
        0.03,
        0.04,
        0.05,
        0.06,
        0.07,
        0.08,
        0.09,
        0.1,
        0.11,
        0.12,
        0.13,
        0.14,
        0.15,
        0.16,
        0.17,
        0.18,
        0.19,
        0.2,
        0.21,
        0.22,
        0.23,
        0.24,
        0.25,
        0.26,
        0.27,
        0.28,
        0.29,
        0.3,
        0.31,
        0.32,
        0.33,
        0.34,
        0.35000000000000003,
        0.36,
        0.37,
        0.38,
        0.39,
        0.4,
        0.41000000000000003,
        0.42,
        0.43,
        0.44,
        0.45,
        0.46,
        0.47000000000000003,
        0.48,
        0.49,
        0.5,
        0.51,
        0.52,
        0.53,
        0.54,
        0.55,
        0.56,
        0.5700000000000001,
        0.58,
        0.59,
        0.6,
        0.61,
        0.62,
        0.63,
        0.64,
        0.65,
        0.66,
        0.67,
        0.68,
        0.6900000000000001,
        0.7000000000000001,
        0.71,
        0.72,
        0.73,
        0.74,
        0.75,
        0.76,
        0.77,
        0.78,
        0.79,
        0.8,
        0.81,
        0.8200000000000001,
        0.8300000000000001,
        0.84,
        0.85,
        0.86,
        0.87,
        0.88,
        0.89,
        0.9,
        0.91,
        0.92,
        0.93,
        0.9400000000000001,
        0.9500000000000001,
        0.96,
        0.97,
        0.98,
        0.99,
        1.0
    ],
    "sensitivity": [
        1.0,
        1.0,
        1.0,
        1.0,
        1.0,
        1.0,
        0.9838709677419355,
        0.967741935483871,
        0.967741935483871,
        0.967741935483871,
        0.967741935483871,
        0.967741935483871,
        0.967741935483871,
        0.9516129032258065,
        0.9193548387096774,
        0.8870967741935484,
        0.8709677419354839,
        0.8709677419354839,
        0.8709677419354839,
        0.8387096774193549,
        0.8387096774193549,
        0.8387096774193549,
        0.7741935483870968,
        0.7419354838709677,
        0.7419354838709677,
        0.7419354838709677,
        0.7096774193548387,
        0.7096774193548387,
        0.6935483870967742,
        0.6774193548387096,
        0.6612903225806451,
        0.6612903225806451,
        0.6612903225806451,
        0.6290322580645161,
        0.6290322580645161,
        0.6290322580645161,
        0.5967741935483871,
        0.5967741935483871,
        0.5806451612903226,
        0.5645161290322581,
        0.5483870967741935,
        0.532258064516129,
        0.5161290322580645,
        0.5161290322580645,
        0.5161290322580645,
        0.4838709677419355,
        0.4838709677419355,
        0.4838709677419355,
        0.45161290322580644,
        0.43548387096774194,
        0.41935483870967744,
        0.41935483870967744,
        0.41935483870967744,
        0.41935483870967744,
        0.41935483870967744,
        0.4032258064516129,
        0.3870967741935484,
        0.3709677419354839,
        0.3225806451612903,
        0.3225806451612903,
        0.3064516129032258,
        0.3064516129032258,
        0.27419354838709675,
        0.20967741935483872,
        0.20967741935483872,
        0.20967741935483872,
        0.1774193548387097,
        0.14516129032258066,
        0.14516129032258066,
        0.12903225806451613,
        0.11290322580645161,
        0.11290322580645161,
        0.0967741935483871,
        0.0967741935483871,
        0.0967741935483871,
        0.0967741935483871,
        0.08064516129032258,
        0.06451612903225806,
        0.06451612903225806,
        0.06451612903225806,
        0.03225806451612903,
        0.03225806451612903,
        0.03225806451612903,
        0.03225806451612903,
        0.03225806451612903,
        0.016129032258064516,
        0.016129032258064516,
        0.016129032258064516,
        0.016129032258064516,
        0.016129032258064516,
        0.016129032258064516,
        0.016129032258064516,
        0.016129032258064516,
        0.0,
        0.0,
        0.0,
        0.0,
        0.0,
        0.0,
        0.0,
        0.0
    ],
    "specificity": [
        0.0,
        0.0,
        0.0,
        0.0176522506619594,
        0.07796410709032069,
        0.12180052956751986,
        0.1488673139158576,
        0.17475728155339806,
        0.23300970873786409,
        0.26331273904089436,
        0.2900853192115328,
        0.32215357458075905,
        0.353045013239188,
        0.3745219182112386,
        0.4007060900264784,
        0.4183583406884378,
        0.4301265077964107,
        0.4442483083259782,
        0.459546925566343,
        0.4677846425419241,
        0.47366872609591054,
        0.480435422182995,
        0.4857310973815828,
        0.4942630185348632,
        0.5039717563989409,
        0.5122094733745219,
        0.5192703736393057,
        0.5275080906148867,
        0.5366284201235657,
        0.5448661370991468,
        0.5533980582524272,
        0.5631067961165048,
        0.5739923506913798,
        0.5848779052662548,
        0.5981170932627243,
        0.6175345689908797,
        0.6287143277434539,
        0.6401882906737276,
        0.6501912327155046,
        0.6607825831126802,
        0.6693145042659606,
        0.676081200353045,
        0.68696675492792,
        0.7013827596351868,
        0.7102088849661665,
        0.7213886437187408,
        0.7343336275375111,
        0.742571344513092,
        0.7475728155339806,
        0.755222124154163,
        0.7631656369520448,
        0.7684613121506325,
        0.7731685789938217,
        0.7793468667255075,
        0.7881729920564872,
        0.7940570756104737,
        0.7996469549867609,
        0.8067078552515445,
        0.8193586348926155,
        0.8314210061782877,
        0.8508384819064431,
        0.8664313033245072,
        0.875257428655487,
        0.889967637540453,
        0.9040894380700206,
        0.9149749926448956,
        0.9258605472197705,
        0.9340982641953516,
        0.9364518976169461,
        0.9414533686378347,
        0.9467490438364224,
        0.9499852897911151,
        0.9535157399235069,
        0.9588114151220948,
        0.9605766401882907,
        0.9626360694321859,
        0.9649897028537805,
        0.9679317446307738,
        0.9702853780523684,
        0.9732274198293616,
        0.9761694616063548,
        0.981759340982642,
        0.9844071785819358,
        0.9882318328920271,
        0.9926448955575169,
        0.9976463665784054,
        0.9985289791115034,
        0.9988231832892027,
        0.999117387466902,
        0.9994115916446014,
        0.9997057958223007,
        1.0,
        1.0,
        1.0,
        1.0,
        1.0,
        1.0,
        1.0,
        1.0,
        1.0,
        1.0
    ],