{
    "thresholds": [
        0.0,
        0.01,
        0.02,
        0.03,
        0.04,
        0.05,
        0.06,
        0.07,
        0.08,
        0.09,
        0.1,
        0.11,
        0.12,
        0.13,
        0.14,
        0.15,
        0.16,
        0.17,
        0.18,
        0.19,
        0.2,
        0.21,
        0.22,
        0.23,
        0.24,
        0.25,
        0.26,
        0.27,
        0.28,
        0.29,
        0.3,
        0.31,
        0.32,
        0.33,
        0.34,
        0.35000000000000003,
        0.36,
        0.37,
        0.38,
        0.39,
        0.4,
        0.41000000000000003,
        0.42,
        0.43,
        0.44,
        0.45,
        0.46,
        0.47000000000000003,
        0.48,
        0.49,
        0.5,
        0.51,
        0.52,
        0.53,
        0.54,
        0.55,
        0.56,
        0.5700000000000001,
        0.58,
        0.59,
        0.6,
        0.61,
        0.62,
        0.63,
        0.64,
        0.65,
        0.66,
        0.67,
        0.68,
        0.6900000000000001,
        0.7000000000000001,
        0.71,
        0.72,
        0.73,
        0.74,
        0.75,
        0.76,
        0.77,
        0.78,
        0.79,
        0.8,
        0.81,
        0.8200000000000001,
        0.8300000000000001,
        0.84,
        0.85,
        0.86,
        0.87,
        0.88,
        0.89,
        0.9,
        0.91,
        0.92,
        0.93,
        0.9400000000000001,
        0.9500000000000001,
        0.96,
        0.97,
        0.98,
        0.99,
        1.0
    ],
    "sensitivity": [
        1.0,
        0.9354838709677419,
        0.9193548387096774,
        0.9193548387096774,
        0.9032258064516129,
        0.9032258064516129,
        0.8870967741935484,
        0.8387096774193549,
        0.8387096774193549,
        0.7580645161290323,
        0.7580645161290323,
        0.7419354838709677,
        0.7419354838709677,
        0.7419354838709677,
        0.7419354838709677,
        0.7419354838709677,
        0.7419354838709677,
        0.7258064516129032,
        0.7258064516129032,
        0.6774193548387096,
        0.6774193548387096,
        0.6774193548387096,
        0.6774193548387096,
        0.6774193548387096,
        0.6290322580645161,
        0.6290322580645161,
        0.6290322580645161,
        0.6290322580645161,
        0.5967741935483871,
        0.5967741935483871,
        0.5806451612903226,
        0.5806451612903226,
        0.5645161290322581,
        0.5645161290322581,
        0.5645161290322581,
        0.5645161290322581,
        0.5645161290322581,
        0.5645161290322581,
        0.5645161290322581,
        0.5483870967741935,
        0.5,
        0.5,
        0.5,
        0.4838709677419355,
        0.4838709677419355,
        0.4838709677419355,
        0.4838709677419355,
        0.46774193548387094,
        0.45161290322580644,
        0.45161290322580644,
        0.41935483870967744,
        0.4032258064516129,
        0.3870967741935484,
        0.3709677419354839,
        0.3709677419354839,
        0.3548387096774194,
        0.3548387096774194,
        0.3548387096774194,
        0.3387096774193548,
        0.3387096774193548,
        0.3225806451612903,
        0.3225806451612903,
        0.3225806451612903,
        0.3064516129032258,
        0.3064516129032258,
        0.3064516129032258,
        0.3064516129032258,
        0.3064516129032258,
        0.3064516129032258,
        0.2903225806451613,
        0.2903225806451613,
        0.25806451612903225,
        0.25806451612903225,
        0.25806451612903225,
        0.20967741935483872,
        0.20967741935483872,
        0.1935483870967742,
        0.1935483870967742,
        0.1935483870967742,
        0.1935483870967742,
        0.1935483870967742,
        0.1935483870967742,
        0.1774193548387097,
        0.16129032258064516,
        0.14516129032258066,
        0.14516129032258066,
        0.12903225806451613,
        0.11290322580645161,
        0.11290322580645161,
        0.0967741935483871,
        0.0967741935483871,
        0.0967741935483871,
        0.06451612903225806,
        0.06451612903225806,
        0.016129032258064516,
        0.016129032258064516,
        0.016129032258064516,
        0.016129032258064516,
        0.016129032258064516,
        0.016129032258064516,
        0.0
    ],
    "specificity": [
        0.0,
        0.2886142983230362,
        0.37040305972344806,
        0.4180641365107384,
        0.4580759046778464,
        0.48955575169167403,
        0.5180935569285083,
        0.5472197705207414,
        0.5704619005589879,
        0.5904677846425419,
        0.6095910561929979,
        0.6234186525448662,
        0.6413651073845249,
        0.6566637246248896,
        0.6699029126213593,
        0.6866725507502206,
        0.7081494557222713,
        0.7199176228302442,
        0.7316857899382171,
        0.7416887319799941,
        0.7487496322447779,
        0.7602235951750514,
        0.7678729037952339,
        0.7766990291262136,
        0.7825831126802001,
        0.7890556045895851,
        0.7978817299205648,
        0.8049426301853486,
        0.8102383053839365,
        0.8175934098264195,
        0.822594880847308,
        0.8278905560458959,
        0.8323036187113857,
        0.8370108855545749,
        0.842600764930862,
        0.8481906443071492,
        0.8540747278611356,
        0.8605472197705207,
        0.8643718740806119,
        0.8705501618122977,
        0.8746690203000883,
        0.8790820829655781,
        0.8855545748749633,
        0.8890850250073551,
        0.8949691085613416,
        0.8996763754045307,
        0.903501029714622,
        0.9067372756693145,
        0.910856134157105,
        0.9137981759340983,
        0.9170344218887908,
        0.92174168873198,
        0.923506913798176,
        0.9285083848190644,
        0.9314504265960577,
        0.9349808767284495,
        0.9382171226831421,
        0.940864960282436,
        0.9455722271256252,
        0.948220064724919,
        0.9502794939688144,
        0.9523389232127096,
        0.9546925566343042,
        0.9573403942335981,
        0.9596940276551927,
        0.9620476610767873,
        0.9632244777875846,
        0.9635186819652839,
        0.9667549279199764,
        0.9679317446307738,
        0.969991173874669,
        0.9711679905854663,
        0.9720506031185643,
        0.9738158281847602,
        0.9767578699617535,
        0.9791115033833481,
        0.980876728449544,
        0.9814651368049426,
        0.9814651368049426,
        0.981759340982642,
        0.9835245660488379,
        0.9844071785819358,
        0.9858781994704324,
        0.9870550161812298,
        0.9879376287143278,
        0.9885260370697264,
        0.989114445425125,
        0.989997057958223,
        0.990879670491321,
        0.9920564872021183,
        0.9923506913798176,
        0.9935275080906149,
        0.9941159164460135,
        0.9944101206237128,
        0.9964695498676082,
        0.9964695498676082,
        0.9970579582230068,
        0.9976463665784054,
        0.9988231832892027,
        0.999117387466902,
        1.0
    ],