{
    "train_sizes": [
        807,
        1615,
        2422,
        3230,
        4037,
        4845,
        5652,
        6460,
        7267,
        8075
    ],
    "train_scores": [
        0.7688679245283018,
        0.5367137281910009,
        0.5931219645449318,
        0.48284171727030367,
        0.6515922051705548,
        0.5996618811073806,
        0.6504901082844453,
        0.6705022709352968,
        0.6341414671059272,
        0.6737688123875638
    ],
    "test_scores": [
        0.6953136121629702,
        0.5674676612665964,
        0.5971395761561751,
        0.6435953648606326,
        0.5759853467338591,
        0.5830272660839526,
        0.6162913190786664,
        0.5729911074414676,
        0.5554479970389773,
        0.5508308895405669
    ]
}