{
    "train_sizes": [
        1000,
        1500,
        2000,
        2500,
        3000,
        3500,
        4000,
        4500,
        5000,
        5500,
        6000,
        6500,
        7000,
        7500,
        8000
    ],
    "train_scores": [
        0.6664143703166545,
        0.7444191552327146,
        0.7800799709196655,
        0.7932078910911309,
        0.7916748608934733,
        0.8046683691570775,
        0.8242508641906706,
        0.8197751696832579,
        0.8331239652693556,
        0.8259102745815099,
        0.7924540363517022,
        0.8153893296108408,
        0.8151345220225512,
        0.8171291703346298,
        0.815852820708742
    ],
    "test_scores": [
        0.6762710094999478,
        0.714593476259621,
        0.7264945097704258,
        0.7325114597272442,
        0.7304140686539684,
        0.7413091136861886,
        0.7547523465155785,
        0.7606364300695649,
        0.7588664597746965,
        0.7666865966270914,
        0.76913987985081,
        0.7681813436589511,
        0.7663923924493922,
        0.7601998690316887,
        0.7642997466047888
    ]
}