{
    "thresholds": [
        0.0,
        0.01,
        0.02,
        0.03,
        0.04,
        0.05,
        0.06,
        0.07,
        0.08,
        0.09,
        0.1,
        0.11,
        0.12,
        0.13,
        0.14,
        0.15,
        0.16,
        0.17,
        0.18,
        0.19,
        0.2,
        0.21,
        0.22,
        0.23,
        0.24,
        0.25,
        0.26,
        0.27,
        0.28,
        0.29,
        0.3,
        0.31,
        0.32,
        0.33,
        0.34,
        0.35000000000000003,
        0.36,
        0.37,
        0.38,
        0.39,
        0.4,
        0.41000000000000003,
        0.42,
        0.43,
        0.44,
        0.45,
        0.46,
        0.47000000000000003,
        0.48,
        0.49,
        0.5,
        0.51,
        0.52,
        0.53,
        0.54,
        0.55,
        0.56,
        0.5700000000000001,
        0.58,
        0.59,
        0.6,
        0.61,
        0.62,
        0.63,
        0.64,
        0.65,
        0.66,
        0.67,
        0.68,
        0.6900000000000001,
        0.7000000000000001,
        0.71,
        0.72,
        0.73,
        0.74,
        0.75,
        0.76,
        0.77,
        0.78,
        0.79,
        0.8,
        0.81,
        0.8200000000000001,
        0.8300000000000001,
        0.84,
        0.85,
        0.86,
        0.87,
        0.88,
        0.89,
        0.9,
        0.91,
        0.92,
        0.93,
        0.9400000000000001,
        0.9500000000000001,
        0.96,
        0.97,
        0.98,
        0.99,
        1.0
    ],
    "sensitivity": [
        1.0,
        1.0,
        1.0,
        1.0,
        1.0,
        1.0,
        1.0,
        1.0,
        0.9838709677419355,
        0.9516129032258065,
        0.9354838709677419,
        0.9193548387096774,
        0.9193548387096774,
        0.9193548387096774,
        0.9193548387096774,
        0.9193548387096774,
        0.9032258064516129,
        0.8709677419354839,
        0.8709677419354839,
        0.8709677419354839,
        0.8709677419354839,
        0.8548387096774194,
        0.8225806451612904,
        0.8225806451612904,
        0.8064516129032258,
        0.8064516129032258,
        0.8064516129032258,
        0.8064516129032258,
        0.7903225806451613,
        0.7741935483870968,
        0.7741935483870968,
        0.7741935483870968,
        0.7580645161290323,
        0.7419354838709677,
        0.6935483870967742,
        0.6774193548387096,
        0.6774193548387096,
        0.6774193548387096,
        0.6774193548387096,
        0.6774193548387096,
        0.6451612903225806,
        0.6451612903225806,
        0.6451612903225806,
        0.6451612903225806,
        0.6290322580645161,
        0.6290322580645161,
        0.6129032258064516,
        0.5967741935483871,
        0.5967741935483871,
        0.5967741935483871,
        0.5967741935483871,
        0.5967741935483871,
        0.5967741935483871,
        0.5967741935483871,
        0.5967741935483871,
        0.5967741935483871,
        0.5967741935483871,
        0.5967741935483871,
        0.5967741935483871,
        0.5967741935483871,
        0.5806451612903226,
        0.5806451612903226,
        0.5806451612903226,
        0.5806451612903226,
        0.5806451612903226,
        0.5806451612903226,
        0.5806451612903226,
        0.5806451612903226,
        0.5806451612903226,
        0.5806451612903226,
        0.5483870967741935,
        0.5483870967741935,
        0.532258064516129,
        0.5161290322580645,
        0.5161290322580645,
        0.5161290322580645,
        0.4838709677419355,
        0.46774193548387094,
        0.43548387096774194,
        0.41935483870967744,
        0.4032258064516129,
        0.3870967741935484,
        0.3709677419354839,
        0.3225806451612903,
        0.27419354838709675,
        0.24193548387096775,
        0.1774193548387097,
        0.0967741935483871,
        0.0967741935483871,
        0.08064516129032258,
        0.04838709677419355,
        0.016129032258064516,
        0.0,
        0.0,
        0.0,
        0.0,
        0.0,
        0.0,
        0.0,
        0.0,
        0.0
    ],
    "specificity": [
        0.0,
        0.0005884083553986466,
        0.0029420417769932335,
        0.006472491909385114,
        0.01588702559576346,
        0.027655192703736394,
        0.047366872609591056,
        0.0706090026478376,
        0.09679317446307738,
        0.12944983818770225,
        0.16181229773462782,
        0.19299794057075612,
        0.22241835834068843,
        0.2571344513092086,
        0.29596940276551925,
        0.32068255369226245,
        0.35010297146219477,
        0.3783465725213298,
        0.40011768167107975,
        0.42689026184171813,
        0.4510150044130627,
        0.47896440129449835,
        0.5019123271550456,
        0.5260370697263901,
        0.5448661370991468,
        0.5616357752280082,
        0.5842894969108562,
        0.5998823183289202,
        0.6157693439246837,
        0.6304795528096498,
        0.6446013533392174,
        0.6566637246248896,
        0.6678434833774639,
        0.6769638128861429,
        0.6913798175934098,
        0.6996175345689909,
        0.7099146807884672,
        0.7225654604295381,
        0.7302147690497205,
        0.7393350985583995,
        0.7475728155339806,
        0.755222124154163,
        0.7622830244189468,
        0.7696381288614298,
        0.7766990291262136,
        0.7802294792586054,
        0.784348337746396,
        0.7893498087672844,
        0.7946454839658723,
        0.7958223006766696,
        0.7978817299205648,
        0.8025889967637541,
        0.8052368343630479,
        0.8099441012062372,
        0.8120035304501324,
        0.814357163871727,
        0.8181818181818182,
        0.8240659017358046,
        0.8273021476904973,
        0.8290673727566932,
        0.8299499852897911,
        0.8320094145336864,
        0.8343630479552809,
        0.8375992939099736,
        0.8411297440423654,
        0.8458370108855546,
        0.8487790526625478,
        0.8514268902618417,
        0.8549573403942335,
        0.8576051779935275,
        0.8631950573698146,
        0.8664313033245072,
        0.8711385701676964,
        0.8773168578993822,
        0.8805531038540747,
        0.8846719623418653,
        0.8893792291850544,
        0.8949691085613416,
        0.8976169461606355,
        0.902618417181524,
        0.9079140923801118,
        0.9158576051779935,
        0.9214474845542807,
        0.9282141806413651,
        0.9388055310385407,
        0.9485142689026184,
        0.9596940276551927,
        0.9670491320976757,
        0.9761694616063548,
        0.9823477493380406,
        0.9923506913798176,
        0.9961753456899088,
        0.9985289791115034,
        0.9997057958223007,
        1.0,
        1.0,
        1.0,
        1.0,
        1.0,
        1.0,
        1.0
    ],