{
    "train_sizes": [
        807,
        1615,
        2422,
        3230,
        4037,
        4845,
        5652,
        6460,
        7267,
        8075
    ],
    "train_scores": [
        0.826028908749862,
        0.7393443551444586,
        0.6778148330951818,
        0.8217570394101851,
        0.7550676836391123,
        0.7823282732347044,
        0.7902688000210931,
        0.7928237074578538,
        0.7861124746080369,
        0.7884686613698708
    ],
    "test_scores": [
        0.7574808530023063,
        0.731234993214323,
        0.7105552866592642,
        0.7073332763905893,
        0.7330239444238817,
        0.7244160996118402,
        0.6841243629530508,
        0.7353775778454763,
        0.7287200220178611,
        0.738998187322647
    ]
}