{
    "prob_pred": [
        0.013880633262236482,
        0.1304998100696749,
        0.20256639106332996,
        NaN,
        NaN,
        NaN,
        NaN,
        NaN,
        NaN,
        NaN
    ],
    "prob_true": [
        0.016509942825398444,
        0.028699211544630593,
        0.7637149752373911,
        NaN,
        NaN,
        NaN,
        NaN,
        NaN,
        NaN,
        NaN
    ]
}