{
    "prob_pred": [
        0.08953308646984162,
        0.14855198996055355,
        0.22510624268747853,
        0.3468422916710152,
        0.45414566905301035,
        0.5602736653507095,
        0.6085322590859363,
        NaN,
        NaN,
        NaN
    ],
    "prob_true": [
        0.0,
        0.01692317180341215,
        0.02232137984648551,
        0.06103346749512763,
        0.008008902413823054,
        0.0,
        0.0,
        NaN,
        NaN,
        NaN
    ]
}