{
    "thresholds": [
        0.0,
        0.01,
        0.02,
        0.03,
        0.04,
        0.05,
        0.06,
        0.07,
        0.08,
        0.09,
        0.1,
        0.11,
        0.12,
        0.13,
        0.14,
        0.15,
        0.16,
        0.17,
        0.18,
        0.19,
        0.2,
        0.21,
        0.22,
        0.23,
        0.24,
        0.25,
        0.26,
        0.27,
        0.28,
        0.29,
        0.3,
        0.31,
        0.32,
        0.33,
        0.34,
        0.35000000000000003,
        0.36,
        0.37,
        0.38,
        0.39,
        0.4,
        0.41000000000000003,
        0.42,
        0.43,
        0.44,
        0.45,
        0.46,
        0.47000000000000003,
        0.48,
        0.49,
        0.5,
        0.51,
        0.52,
        0.53,
        0.54,
        0.55,
        0.56,
        0.5700000000000001,
        0.58,
        0.59,
        0.6,
        0.61,
        0.62,
        0.63,
        0.64,
        0.65,
        0.66,
        0.67,
        0.68,
        0.6900000000000001,
        0.7000000000000001,
        0.71,
        0.72,
        0.73,
        0.74,
        0.75,
        0.76,
        0.77,
        0.78,
        0.79,
        0.8,
        0.81,
        0.8200000000000001,
        0.8300000000000001,
        0.84,
        0.85,
        0.86,
        0.87,
        0.88,
        0.89,
        0.9,
        0.91,
        0.92,
        0.93,
        0.9400000000000001,
        0.9500000000000001,
        0.96,
        0.97,
        0.98,
        0.99,
        1.0
    ],
    "sensitivity": [
        1.0,
        1.0,
        1.0,
        1.0,
        1.0,
        1.0,
        1.0,
        1.0,
        1.0,
        1.0,
        1.0,
        1.0,
        1.0,
        0.967741935483871,
        0.9032258064516129,
        0.8387096774193549,
        0.7096774193548387,
        0.6451612903225806,
        0.5161290322580645,
        0.4032258064516129,
        0.3387096774193548,
        0.2903225806451613,
        0.24193548387096775,
        0.1935483870967742,
        0.14516129032258066,
        0.06451612903225806,
        0.06451612903225806,
        0.04838709677419355,
        0.03225806451612903,
        0.03225806451612903,
        0.03225806451612903,
        0.03225806451612903,
        0.03225806451612903,
        0.03225806451612903,
        0.03225806451612903,
        0.03225806451612903,
        0.016129032258064516,
        0.016129032258064516,
        0.016129032258064516,
        0.016129032258064516,
        0.016129032258064516,
        0.016129032258064516,
        0.016129032258064516,
        0.016129032258064516,
        0.016129032258064516,
        0.016129032258064516,
        0.016129032258064516,
        0.016129032258064516,
        0.016129032258064516,
        0.016129032258064516,
        0.016129032258064516,
        0.0,
        0.0,
        0.0,
        0.0,
        0.0,
        0.0,
        0.0,
        0.0,
        0.0,
        0.0,
        0.0,
        0.0,
        0.0,
        0.0,
        0.0,
        0.0,
        0.0,
        0.0,
        0.0,
        0.0,
        0.0,
        0.0,
        0.0,
        0.0,
        0.0,
        0.0,
        0.0,
        0.0,
        0.0,
        0.0,
        0.0,
        0.0,
        0.0,
        0.0,
        0.0,
        0.0,
        0.0,
        0.0,
        0.0,
        0.0,
        0.0,
        0.0,
        0.0,
        0.0,
        0.0,
        0.0,
        0.0,
        0.0,
        0.0,
        0.0
    ],
    "specificity": [
        0.0,
        0.0,
        0.0,
        0.0,
        0.0002942041776993233,
        0.0002942041776993233,
        0.0005884083553986466,
        0.00088261253309797,
        0.0014710208884966167,
        0.00176522506619594,
        0.00264783759929391,
        0.005589879376287144,
        0.03618711385701677,
        0.14386584289496912,
        0.3056781406295969,
        0.46190055898793764,
        0.5539864666078258,
        0.6222418358340689,
        0.6819652839070315,
        0.7319799941159164,
        0.7805236834363048,
        0.8220064724919094,
        0.8590761988820241,
        0.8855545748749633,
        0.9143865842894969,
        0.9361576934392468,
        0.9505736981465137,
        0.9573403942335981,
        0.9593998234774934,
        0.9602824360105914,
        0.9605766401882907,
        0.9605766401882907,
        0.961753456899088,
        0.9629302736098853,
        0.9632244777875846,
        0.9649897028537805,
        0.9658723153868785,
        0.9658723153868785,
        0.9667549279199764,
        0.9670491320976757,
        0.9685201529861724,
        0.9702853780523684,
        0.971756398940865,
        0.9729332156516622,
        0.9752868490732568,
        0.9764636657840541,
        0.9770520741394528,
        0.9791115033833481,
        0.9805825242718447,
        0.9826419535157399,
        0.9835245660488379,
        0.9849955869373345,
        0.9861724036481319,
        0.9867608120035305,
        0.9885260370697264,
        0.9905854663136217,
        0.9914680788467196,
        0.9926448955575169,
        0.9935275080906149,
        0.9958811415122095,
        0.9976463665784054,
        0.9997057958223007,
        1.0,
        1.0,
        1.0,
        1.0,
        1.0,
        1.0,
        1.0,
        1.0,
        1.0,
        1.0,
        1.0,
        1.0,
        1.0,
        1.0,
        1.0,
        1.0,
        1.0,
        1.0,
        1.0,
        1.0,
        1.0,
        1.0,
        1.0,
        1.0,
        1.0,
        1.0,
        1.0,
        1.0,
        1.0,
        1.0,
        1.0,
        1.0,
        1.0,
        1.0,
        1.0,
        1.0,
        1.0,
        1.0,
        1.0
    ],
    "precision": [
        0.01791389771742271,
        0.01791389771742271,
        0.01791389771742271,
        0.01791389771742271,
        0.017919075144508672,
        0.017919075144508672,
        0.01792425556519225,
        0.017929438982070563,
        0.017939814814814815,
        0.017945007235890015,
        0.017960602549246814,
        0.01801278326554329,
        0.018573996405032954,
        0.020202020202020204,
        0.023178807947019868,
        0.02764486975013291,
        0.028205128205128206,
        0.030211480362537766,
        0.028751123090745734,
        0.026709401709401708,
        0.027379400260756193,
        0.028892455858747994,
        0.030364372469635626,
        0.029925187032418952,
        0.03,
        0.01809954751131222,
        0.023255813953488372,
        0.02027027027027027,
        0.014285714285714285,
        0.014598540145985401,
        0.014705882352941176,
        0.014705882352941176,
        0.015151515151515152,
        0.015625,
        0.015748031496062992,
        0.01652892561983471,
        0.008547008547008548,
        0.008547008547008548,
        0.008771929824561403,
        0.008849557522123894,
        0.009259259259259259,
        0.00980392156862745,
        0.010309278350515464,
        0.010752688172043012,
        0.011764705882352941,
        0.012345679012345678,
        0.012658227848101266,
        0.013888888888888888,
        0.014925373134328358,
        0.016666666666666666,
        0.017543859649122806,
        0.0,
        0.0,
        0.0,
        0.0,
        0.0,
        0.0,
        0.0,
        0.0,
        0.0,
        0.0,
        0.0,
        0.0,
        0.0,
        0.0,
        0.0,
        0.0,
        0.0,
        0.0,
        0.0,
        0.0,
        0.0,
        0.0,
        0.0,
        0.0,
        0.0,
        0.0,
        0.0,
        0.0,
        0.0,
        0.0,
        0.0,
        0.0,
        0.0,
        0.0,
        0.0,
        0.0,
        0.0,
        0.0,
        0.0,
        0.0,
        0.0,
        0.0,
        0.0,
        0.0,
        0.0,
        0.0,
        0.0,
        0.0,
        0.0,
        0.0
    ],