{
    "train_sizes": [
        807,
        1615,
        2422,
        3230,
        4037,
        4845,
        5652,
        6460,
        7267,
        8075
    ],
    "train_scores": [
        0.9987437185929648,
        0.9882506080224711,
        0.9799533279705631,
        0.9842500044541842,
        0.9731729400218403,
        0.97697796432319,
        0.9784821573492244,
        0.9691700268817205,
        0.9712347432554687,
        0.9677626962044512
    ],
    "test_scores": [
        0.6512494187094877,
        0.7351640425552108,
        0.7138342396720098,
        0.7012546384610274,
        0.7244018639258226,
        0.7138532205867001,
        0.7251421195987434,
        0.7416222987785781,
        0.7360371646309636,
        0.7389934420939744
    ]
}