{"Adaptive": {"fraction_of_positives": [0.0006493506493506494, 0.007982583454281567, 0.008254716981132075, 0.01236174365647365, 0.018197573656845753, 0.021414665801427646, 0.037037037037037035, 0.04257167680278019], "mean_predicted_value": [7.002271997470018e-05, 0.0031901278902246046, 0.007981533616805437, 0.01265303275485852, 0.01622934315009915, 0.02092073185147211, 0.03069759740337381, 0.050814854764617355], "brier_score": 0.015534044486217027}, "Histogram": {"fraction_of_positives": [0.005016722408026756, 0.006734006734006734, 0.011255411255411256, 0.010399562123700055, 0.007155635062611807, 0.03475609756097561, 0.027936145952109463, 0.05662983425414365], "mean_predicted_value": [0.004078555237827899, 0.008116908175624726, 0.00838764835891227, 0.012616976800802135, 0.013625423026633493, 0.022519059930114323, 0.03424983594527073, 0.052308427826412145], "brier_score": 0.015544526282672968}, "Ensemble": {"fraction_of_positives": [0.0027739251040221915, 0.0062413314840499305, 0.008227848101265823, 0.006896551724137931, 0.013879250520471894, 0.022191400832177532, 0.031185031185031187, 0.05065926439972242], "mean_predicted_value": [0.005758314922117566, 0.008507503529958587, 0.009589944498429712, 0.01070039214931779, 0.013505494880529297, 0.022881573348767732, 0.02830194979528186, 0.04003827113752773], "brier_score": 0.015581090506900323}, "Isotonic": {"fraction_of_positives": [0.006592501030078286, 0.006654567453115548, 0.012454212454212455, 0.017130620985010708, 0.026352288488210817, 0.04206500956022945, 0.0794979079497908], "mean_predicted_value": [0.006722621442312495, 0.007195303990214332, 0.013677403068797398, 0.016021792446778888, 0.02729717374441713, 0.03677489824862344, 0.06395610611653564], "brier_score": 0.015609152630205595}, "Bayesian": {"fraction_of_positives": [0.004770164787510842, 0.008665511265164644, 0.00953619419159081, 0.017346053772766695, 0.030329289428076257, 0.03902862098872507, 0.045021645021645025], "mean_predicted_value": [0.0056277056277058216, 0.009515570934255957, 0.01038511531489846, 0.018181818181818313, 0.031141868512110846, 0.039826839826839426, 0.04624088753958814], "brier_score": 0.01567769554734531}, "Sigmoid": {"fraction_of_positives": [0.009009009009009009, 0.007633587786259542, 0.005547850208044383, 0.0076282940360610264, 0.009702009702009701, 0.02359472588480222, 0.03536754507628294, 0.043689320388349516], "mean_predicted_value": [0.007265333312549002, 0.009317485947294866, 0.010798380550498353, 0.012526177158666062, 0.014747667228057725, 0.018053107480304805, 0.02382015686007775, 0.038739969892950095], "brier_score": 0.01567779192336708}, "Platt": {"fraction_of_positives": [0.009009009009009009, 0.007633587786259542, 0.005547850208044383, 0.0076282940360610264, 0.009702009702009701, 0.02359472588480222, 0.03536754507628294, 0.043689320388349516], "mean_predicted_value": [0.008038749386521384, 0.010172085655718088, 0.011692495240835857, 0.013451356668344292, 0.01569318799576389, 0.018994031849877333, 0.024674280159338008, 0.03902187216086041], "brier_score": 0.01567789236464506}}