{
    "thresholds": [
        0.01,
        0.03,
        0.05,
        0.06999999999999999,
        0.09,
        0.11,
        0.13,
        0.15000000000000002,
        0.17,
        0.19,
        0.21000000000000002,
        0.23,
        0.25,
        0.27,
        0.29000000000000004,
        0.31,
        0.33,
        0.35000000000000003,
        0.37,
        0.39,
        0.41000000000000003,
        0.43,
        0.45,
        0.47000000000000003,
        0.49,
        0.51,
        0.53,
        0.55,
        0.5700000000000001,
        0.59,
        0.61,
        0.63,
        0.65,
        0.67,
        0.6900000000000001,
        0.7100000000000001,
        0.73,
        0.75,
        0.77,
        0.79,
        0.81,
        0.8300000000000001,
        0.85,
        0.87,
        0.89,
        0.91,
        0.93,
        0.9500000000000001,
        0.97,
        0.99
    ],
    "net_benefits_model": [
        0.222989569832747,
        0.20708421693577173,
        0.19119591238789438,
        0.17677258758002468,
        0.159283961116955,
        0.14591409414403075,
        0.13667548438950922,
        0.12333772612914817,
        0.11191077957450984,
        0.10568169436691728,
        0.10225665351860921,
        0.09169818640287071,
        0.08406879384476128,
        0.07760604116098913,
        0.07074763584903855,
        0.06933597016834421,
        0.06478706265008964,
        0.0566557000365554,
        0.05421933426006745,
        0.05113796979510979,
        0.04473402602782284,
        0.03973511511296915,
        0.034018391655866204,
        0.022380202128885973,
        0.014408370272752685,
        0.006845671058647473,
        -0.0031517672718869016,
        -0.013630534811797601,
        -0.021525442460411492,
        -0.031452320633185926,
        -0.044087593782094786,
        -0.05566503366910697,
        -0.06897488119484049,
        -0.08010039293135021,
        -0.09351334778704867,
        -0.10510335463632756,
        -0.11558924844736107,
        -0.13014256619144604,
        -0.1428967797160483,
        -0.1513529240616818,
        -0.14911208775502918,
        -0.1451459606245758,
        -0.1199366372482462,
        -0.10255365815447282,
        -0.06216749984570759,
        -0.019634909858942454,
        -0.0018038987489089335,
        0.0,
        0.0,
        0.0
    ],
    "net_benefits_all": [
        0.22298339813614762,
        0.20696243727297542,
        0.190266909636617,
        0.17285329479009265,
        0.15467424632394083,
        0.13567816197166985,
        0.11580869443078867,
        0.09500419312327779,
        0.07319706524673031,
        0.05031304216640267,
        0.02627033437314702,
        0.0009786547464755435,
        -0.025661914460285096,
        -0.05376224088385462,
        -0.0834456842890336,
        -0.11484990702204906,
        -0.14812900872419982,
        -0.1834560551464829,
        -0.22102608864319656,
        -0.2610597308937932,
        -0.30380751838171843,
        -0.3495551506056382,
        -0.39862988335493416,
        -0.4514083695192714,
        -0.5083263447945368,
        -0.5698906853983956,
        -0.6366945443515188,
        -0.7094365241004754,
        -0.7889451996400323,
        -0.8762108191346676,
        -0.9724267585774713,
        -1.0790444212032804,
        -1.1978469595577539,
        -1.3310498055915572,
        -1.4814401156297226,
        -1.6525739167076345,
        -1.8490608735007916,
        -2.076985743380855,
        -2.3445497210661475,
        -2.6630782659295904,
        -3.048665451816916,
        -3.5249790343836125,
        -4.128309572301425,
        -4.917280275732414,
        -5.9931494167746715,
        -7.547182620502378,
        -9.989234797788775,
        -14.384928716904296,
        -24.641547861507107,
        -75.92464358452132
    ],
    "net_benefits_none": [
        0,
        0,
        0,
        0,
        0,
        0,
        0,
        0,
        0,
        0,
        0,
        0,
        0,
        0,
        0,
        0,
        0,
        0,
        0,
        0,
        0,
        0,
        0,
        0,
        0,
        0,
        0,
        0,
        0,
        0,
        0,
        0,
        0,
        0,
        0,
        0,
        0,
        0,
        0,
        0,
        0,
        0,
        0,
        0,
        0,
        0,
        0,
        0,
        0,
        0
    ],
    "model_name": "SVM",
    "prevalence": 0.23075356415478615
}