{
    "thresholds": [
        0.0,
        0.01,
        0.02,
        0.03,
        0.04,
        0.05,
        0.06,
        0.07,
        0.08,
        0.09,
        0.1,
        0.11,
        0.12,
        0.13,
        0.14,
        0.15,
        0.16,
        0.17,
        0.18,
        0.19,
        0.2,
        0.21,
        0.22,
        0.23,
        0.24,
        0.25,
        0.26,
        0.27,
        0.28,
        0.29,
        0.3,
        0.31,
        0.32,
        0.33,
        0.34,
        0.35000000000000003,
        0.36,
        0.37,
        0.38,
        0.39,
        0.4,
        0.41000000000000003,
        0.42,
        0.43,
        0.44,
        0.45,
        0.46,
        0.47000000000000003,
        0.48,
        0.49,
        0.5,
        0.51,
        0.52,
        0.53,
        0.54,
        0.55,
        0.56,
        0.5700000000000001,
        0.58,
        0.59,
        0.6,
        0.61,
        0.62,
        0.63,
        0.64,
        0.65,
        0.66,
        0.67,
        0.68,
        0.6900000000000001,
        0.7000000000000001,
        0.71,
        0.72,
        0.73,
        0.74,
        0.75,
        0.76,
        0.77,
        0.78,
        0.79,
        0.8,
        0.81,
        0.8200000000000001,
        0.8300000000000001,
        0.84,
        0.85,
        0.86,
        0.87,
        0.88,
        0.89,
        0.9,
        0.91,
        0.92,
        0.93,
        0.9400000000000001,
        0.9500000000000001,
        0.96,
        0.97,
        0.98,
        0.99,
        1.0
    ],
    "sensitivity": [
        1.0,
        0.3548387096774194,
        0.12903225806451613,
        0.11290322580645161,
        0.0967741935483871,
        0.06451612903225806,
        0.03225806451612903,
        0.03225806451612903,
        0.03225806451612903,
        0.03225806451612903,
        0.03225806451612903,
        0.03225806451612903,
        0.016129032258064516,
        0.016129032258064516,
        0.016129032258064516,
        0.016129032258064516,
        0.016129032258064516,
        0.016129032258064516,
        0.016129032258064516,
        0.016129032258064516,
        0.016129032258064516,
        0.016129032258064516,
        0.016129032258064516,
        0.016129032258064516,
        0.016129032258064516,
        0.016129032258064516,
        0.016129032258064516,
        0.016129032258064516,
        0.016129032258064516,
        0.016129032258064516,
        0.016129032258064516,
        0.016129032258064516,
        0.016129032258064516,
        0.016129032258064516,
        0.016129032258064516,
        0.016129032258064516,
        0.016129032258064516,
        0.016129032258064516,
        0.016129032258064516,
        0.016129032258064516,
        0.016129032258064516,
        0.016129032258064516,
        0.016129032258064516,
        0.016129032258064516,
        0.016129032258064516,
        0.016129032258064516,
        0.016129032258064516,
        0.016129032258064516,
        0.016129032258064516,
        0.0,
        0.0,
        0.0,
        0.0,
        0.0,
        0.0,
        0.0,
        0.0,
        0.0,
        0.0,
        0.0,
        0.0,
        0.0,
        0.0,
        0.0,
        0.0,
        0.0,
        0.0,
        0.0,
        0.0,
        0.0,
        0.0,
        0.0,
        0.0,
        0.0,
        0.0,
        0.0,
        0.0,
        0.0,
        0.0,
        0.0,
        0.0,
        0.0,
        0.0,
        0.0,
        0.0,
        0.0,
        0.0,
        0.0,
        0.0,
        0.0,
        0.0,
        0.0,
        0.0,
        0.0,
        0.0,
        0.0,
        0.0,
        0.0,
        0.0,
        0.0,
        0.0
    ],
    "specificity": [
        0.0,
        0.7890556045895851,
        0.9252721388643719,
        0.9496910856134158,
        0.9635186819652839,
        0.970873786407767,
        0.9773462783171522,
        0.9823477493380406,
        0.9835245660488379,
        0.9852897911150338,
        0.9861724036481319,
        0.9876434245366285,
        0.9885260370697264,
        0.989114445425125,
        0.9897028537805237,
        0.9897028537805237,
        0.9902912621359223,
        0.9902912621359223,
        0.9902912621359223,
        0.9902912621359223,
        0.9905854663136217,
        0.9905854663136217,
        0.9917622830244189,
        0.9923506913798176,
        0.9926448955575169,
        0.9929390997352162,
        0.9941159164460135,
        0.9941159164460135,
        0.9949985289791115,
        0.9949985289791115,
        0.9955869373345102,
        0.9955869373345102,
        0.9955869373345102,
        0.9955869373345102,
        0.9958811415122095,
        0.9961753456899088,
        0.9961753456899088,
        0.9961753456899088,
        0.9964695498676082,
        0.9964695498676082,
        0.9967637540453075,
        0.9970579582230068,
        0.9970579582230068,
        0.9970579582230068,
        0.9970579582230068,
        0.9973521624007061,
        0.9973521624007061,
        0.9976463665784054,
        0.9979405707561048,
        0.9982347749338041,
        0.9982347749338041,
        0.9982347749338041,
        0.999117387466902,
        0.999117387466902,
        0.9994115916446014,
        0.9997057958223007,
        0.9997057958223007,
        1.0,
        1.0,
        1.0,
        1.0,
        1.0,
        1.0,
        1.0,
        1.0,
        1.0,
        1.0,
        1.0,
        1.0,
        1.0,
        1.0,
        1.0,
        1.0,
        1.0,
        1.0,
        1.0,
        1.0,
        1.0,
        1.0,
        1.0,
        1.0,
        1.0,
        1.0,
        1.0,
        1.0,
        1.0,
        1.0,
        1.0,
        1.0,
        1.0,
        1.0,
        1.0,
        1.0,
        1.0,
        1.0,
        1.0,
        1.0,
        1.0,
        1.0,
        1.0,
        1.0
    ],
    "precision": [
        0.01791389771742271,
        0.029769959404600813,
        0.030534351145038167,
        0.03932584269662921,
        0.046153846153846156,
        0.038834951456310676,
        0.02531645569620253,
        0.03225806451612903,
        0.034482758620689655,
        0.038461538461538464,
        0.04081632653061224,
        0.045454545454545456,
        0.025,
        0.02631578947368421,
        0.027777777777777776,
        0.027777777777777776,
        0.029411764705882353,
        0.029411764705882353,
        0.029411764705882353,
        0.029411764705882353,
        0.030303030303030304,
        0.030303030303030304,
        0.034482758620689655,
        0.037037037037037035,
        0.038461538461538464,
        0.04,
        0.047619047619047616,
        0.047619047619047616,
        0.05555555555555555,
        0.05555555555555555,
        0.0625,
        0.0625,
        0.0625,
        0.0625,
        0.06666666666666667,
        0.07142857142857142,
        0.07142857142857142,
        0.07142857142857142,
        0.07692307692307693,
        0.07692307692307693,
        0.08333333333333333,
        0.09090909090909091,
        0.09090909090909091,
        0.09090909090909091,
        0.09090909090909091,
        0.1,
        0.1,
        0.1111111111111111,
        0.125,
        0.0,
        0.0,
        0.0,
        0.0,
        0.0,
        0.0,
        0.0,
        0.0,
        0.0,
        0.0,
        0.0,
        0.0,
        0.0,
        0.0,
        0.0,
        0.0,
        0.0,
        0.0,
        0.0,
        0.0,
        0.0,
        0.0,
        0.0,
        0.0,
        0.0,
        0.0,
        0.0,
        0.0,
        0.0,
        0.0,
        0.0,
        0.0,
        0.0,
        0.0,
        0.0,
        0.0,
        0.0,
        0.0,
        0.0,
        0.0,
        0.0,
        0.0,
        0.0,
        0.0,
        0.0,
        0.0,
        0.0,
        0.0,
        0.0,
        0.0,
        0.0,
        0.0
    ],