{
    "prob_pred": [
        0.007954673744489155,
        0.11113598182625367,
        0.24171927268156357,
        0.36261307608918714,
        0.44660475756754087,
        0.5207270885334794,
        NaN,
        NaN,
        NaN,
        NaN
    ],
    "prob_true": [
        0.017226206362332915,
        0.09347824205797536,
        0.0,
        0.0,
        0.07123953452668942,
        0.0,
        NaN,
        NaN,
        NaN,
        NaN
    ]
}