{
    "thresholds": [
        0.0,
        0.01,
        0.02,
        0.03,
        0.04,
        0.05,
        0.06,
        0.07,
        0.08,
        0.09,
        0.1,
        0.11,
        0.12,
        0.13,
        0.14,
        0.15,
        0.16,
        0.17,
        0.18,
        0.19,
        0.2,
        0.21,
        0.22,
        0.23,
        0.24,
        0.25,
        0.26,
        0.27,
        0.28,
        0.29,
        0.3,
        0.31,
        0.32,
        0.33,
        0.34,
        0.35000000000000003,
        0.36,
        0.37,
        0.38,
        0.39,
        0.4,
        0.41000000000000003,
        0.42,
        0.43,
        0.44,
        0.45,
        0.46,
        0.47000000000000003,
        0.48,
        0.49,
        0.5,
        0.51,
        0.52,
        0.53,
        0.54,
        0.55,
        0.56,
        0.5700000000000001,
        0.58,
        0.59,
        0.6,
        0.61,
        0.62,
        0.63,
        0.64,
        0.65,
        0.66,
        0.67,
        0.68,
        0.6900000000000001,
        0.7000000000000001,
        0.71,
        0.72,
        0.73,
        0.74,
        0.75,
        0.76,
        0.77,
        0.78,
        0.79,
        0.8,
        0.81,
        0.8200000000000001,
        0.8300000000000001,
        0.84,
        0.85,
        0.86,
        0.87,
        0.88,
        0.89,
        0.9,
        0.91,
        0.92,
        0.93,
        0.9400000000000001,
        0.9500000000000001,
        0.96,
        0.97,
        0.98,
        0.99,
        1.0
    ],
    "sensitivity": [
        1.0,
        0.6935483870967742,
        0.5645161290322581,
        0.4838709677419355,
        0.4838709677419355,
        0.45161290322580644,
        0.41935483870967744,
        0.4032258064516129,
        0.3548387096774194,
        0.3548387096774194,
        0.06451612903225806,
        0.06451612903225806,
        0.04838709677419355,
        0.04838709677419355,
        0.016129032258064516,
        0.016129032258064516,
        0.016129032258064516,
        0.016129032258064516,
        0.016129032258064516,
        0.016129032258064516,
        0.016129032258064516,
        0.0,
        0.0,
        0.0,
        0.0,
        0.0,
        0.0,
        0.0,
        0.0,
        0.0,
        0.0,
        0.0,
        0.0,
        0.0,
        0.0,
        0.0,
        0.0,
        0.0,
        0.0,
        0.0,
        0.0,
        0.0,
        0.0,
        0.0,
        0.0,
        0.0,
        0.0,
        0.0,
        0.0,
        0.0,
        0.0,
        0.0,
        0.0,
        0.0,
        0.0,
        0.0,
        0.0,
        0.0,
        0.0,
        0.0,
        0.0,
        0.0,
        0.0,
        0.0,
        0.0,
        0.0,
        0.0,
        0.0,
        0.0,
        0.0,
        0.0,
        0.0,
        0.0,
        0.0,
        0.0,
        0.0,
        0.0,
        0.0,
        0.0,
        0.0,
        0.0,
        0.0,
        0.0,
        0.0,
        0.0,
        0.0,
        0.0,
        0.0,
        0.0,
        0.0,
        0.0,
        0.0,
        0.0,
        0.0,
        0.0,
        0.0,
        0.0,
        0.0,
        0.0,
        0.0,
        0.0
    ],
    "specificity": [
        0.0,
        0.6134157105030892,
        0.7896440129449838,
        0.8490732568402471,
        0.883495145631068,
        0.9040894380700206,
        0.9246837305089732,
        0.9449838187702265,
        0.9532215357458076,
        0.9635186819652839,
        0.9705795822300677,
        0.9770520741394528,
        0.981759340982642,
        0.9873492203589291,
        0.9911738746690203,
        0.9935275080906149,
        0.9952927331568108,
        0.9964695498676082,
        0.9970579582230068,
        0.999117387466902,
        0.999117387466902,
        0.9997057958223007,
        1.0,
        1.0,
        1.0,
        1.0,
        1.0,
        1.0,
        1.0,
        1.0,
        1.0,
        1.0,
        1.0,
        1.0,
        1.0,
        1.0,
        1.0,
        1.0,
        1.0,
        1.0,
        1.0,
        1.0,
        1.0,
        1.0,
        1.0,
        1.0,
        1.0,
        1.0,
        1.0,
        1.0,
        1.0,
        1.0,
        1.0,
        1.0,
        1.0,
        1.0,
        1.0,
        1.0,
        1.0,
        1.0,
        1.0,
        1.0,
        1.0,
        1.0,
        1.0,
        1.0,
        1.0,
        1.0,
        1.0,
        1.0,
        1.0,
        1.0,
        1.0,
        1.0,
        1.0,
        1.0,
        1.0,
        1.0,
        1.0,
        1.0,
        1.0,
        1.0,
        1.0,
        1.0,
        1.0,
        1.0,
        1.0,
        1.0,
        1.0,
        1.0,
        1.0,
        1.0,
        1.0,
        1.0,
        1.0,
        1.0,
        1.0,
        1.0,
        1.0,
        1.0,
        1.0
    ],
    "precision": [
        0.01791389771742271,
        0.03168754605747973,
        0.04666666666666667,
        0.055248618784530384,
        0.07042253521126761,
        0.07909604519774012,
        0.09219858156028368,
        0.1179245283018868,
        0.12154696132596685,
        0.1506849315068493,
        0.038461538461538464,
        0.04878048780487805,
        0.046153846153846156,
        0.06521739130434782,
        0.03225806451612903,
        0.043478260869565216,
        0.058823529411764705,
        0.07692307692307693,
        0.09090909090909091,
        0.25,
        0.25,
        0.0,
        0.0,
        0.0,
        0.0,
        0.0,
        0.0,
        0.0,
        0.0,
        0.0,
        0.0,
        0.0,
        0.0,
        0.0,
        0.0,
        0.0,
        0.0,
        0.0,
        0.0,
        0.0,
        0.0,
        0.0,
        0.0,
        0.0,
        0.0,
        0.0,
        0.0,
        0.0,
        0.0,
        0.0,
        0.0,
        0.0,
        0.0,
        0.0,
        0.0,
        0.0,
        0.0,
        0.0,
        0.0,
        0.0,
        0.0,
        0.0,
        0.0,
        0.0,
        0.0,
        0.0,
        0.0,
        0.0,
        0.0,
        0.0,
        0.0,
        0.0,
        0.0,
        0.0,
        0.0,
        0.0,
        0.0,
        0.0,
        0.0,
        0.0,
        0.0,
        0.0,
        0.0,
        0.0,
        0.0,
        0.0,
        0.0,
        0.0,
        0.0,
        0.0,
        0.0,
        0.0,
        0.0,
        0.0,
        0.0,
        0.0,
        0.0,
        0.0,
        0.0,
        0.0,
        0.0
    ],