{"Adaptive": {"fraction_of_positives": [0.0, 0.008658008658008658, 0.008645533141210375, 0.013015184381778741, 0.02386117136659436, 0.039045553145336226, 0.06376811594202898], "mean_predicted_value": [0.0, 0.0015411519954174847, 0.003836704766701934, 0.008799929024299132, 0.017846805053602408, 0.038681638141280957, 0.09146615548576767], "brier_score": 0.016326784091364687}, "Ensemble": {"fraction_of_positives": [0.0, 0.004618937644341801, 0.006944444444444444, 0.006928406466512702, 0.011574074074074073, 0.016166281755196306, 0.023148148148148147, 0.07390300230946882], "mean_predicted_value": [0.0037206182773963886, 0.005697768402682128, 0.007451801777302384, 0.009635492967030337, 0.014842990677962497, 0.018239598937801728, 0.031308170719142325, 0.059473768295934065], "brier_score": 0.016702382489960334}, "Histogram": {"fraction_of_positives": [0.001310615989515072, 0.005, 0.007936507936507936, 0.011737089201877934, 0.010075566750629723, 0.019867549668874173, 0.03139717425431711, 0.09178743961352658], "mean_predicted_value": [0.0012652219196956432, 0.0035000923857140638, 0.004531092293949879, 0.0054180429417164605, 0.008647962911157707, 0.013347274809109268, 0.05076729137361261, 0.0782931892749676], "brier_score": 0.016714880199293562}, "Isotonic": {"fraction_of_positives": [0.004233700254022015, 0.008368200836820083, 0.014415781487101669, 0.05235602094240838, 0.08191126279863481], "mean_predicted_value": [0.002202878007670897, 0.009041086724858574, 0.02261032409704118, 0.0459624853741464, 0.07153063548488584], "brier_score": 0.016865803235183593}, "Sigmoid": {"fraction_of_positives": [0.006928406466512702, 0.004618937644341801, 0.006944444444444444, 0.006928406466512702, 0.006944444444444444, 0.018475750577367205, 0.018518518518518517, 0.07390300230946882], "mean_predicted_value": [0.007992585059944829, 0.0089139976968517, 0.009821254154293833, 0.011022540935912099, 0.012684061136563838, 0.015923516113234247, 0.027987897256161316, 0.05146922098257737], "brier_score": 0.017042401591865968}, "Platt": {"fraction_of_positives": [0.006928406466512702, 0.004618937644341801, 0.006944444444444444, 0.006928406466512702, 0.006944444444444444, 0.018475750577367205, 0.018518518518518517, 0.07390300230946882], "mean_predicted_value": [0.0063374477006742725, 0.007216229457137531, 0.008099670665246948, 0.00929374965543181, 0.010987556875246818, 0.014414731414391285, 0.02838010444303932, 0.058109104560005224], "brier_score": 0.017046523648501954}, "Bayesian": {"fraction_of_positives": [0.001440922190201729, 0.002890173410404624, 0.008670520231213872, 0.008695652173913044, 0.01300578034682081, 0.02318840579710145, 0.031791907514450865, 0.07492795389048991], "mean_predicted_value": [0.004297994269341006, 0.005747126436781644, 0.011494252873563288, 0.011527377521613926, 0.015804597701149416, 0.025936599423631114, 0.03448275862068983, 0.0783232303156778], "brier_score": 0.017113225257831818}}