{
    "thresholds": [
        0.0,
        0.01,
        0.02,
        0.03,
        0.04,
        0.05,
        0.06,
        0.07,
        0.08,
        0.09,
        0.1,
        0.11,
        0.12,
        0.13,
        0.14,
        0.15,
        0.16,
        0.17,
        0.18,
        0.19,
        0.2,
        0.21,
        0.22,
        0.23,
        0.24,
        0.25,
        0.26,
        0.27,
        0.28,
        0.29,
        0.3,
        0.31,
        0.32,
        0.33,
        0.34,
        0.35000000000000003,
        0.36,
        0.37,
        0.38,
        0.39,
        0.4,
        0.41000000000000003,
        0.42,
        0.43,
        0.44,
        0.45,
        0.46,
        0.47000000000000003,
        0.48,
        0.49,
        0.5,
        0.51,
        0.52,
        0.53,
        0.54,
        0.55,
        0.56,
        0.5700000000000001,
        0.58,
        0.59,
        0.6,
        0.61,
        0.62,
        0.63,
        0.64,
        0.65,
        0.66,
        0.67,
        0.68,
        0.6900000000000001,
        0.7000000000000001,
        0.71,
        0.72,
        0.73,
        0.74,
        0.75,
        0.76,
        0.77,
        0.78,
        0.79,
        0.8,
        0.81,
        0.8200000000000001,
        0.8300000000000001,
        0.84,
        0.85,
        0.86,
        0.87,
        0.88,
        0.89,
        0.9,
        0.91,
        0.92,
        0.93,
        0.9400000000000001,
        0.9500000000000001,
        0.96,
        0.97,
        0.98,
        0.99,
        1.0
    ],
    "sensitivity": [
        1.0,
        1.0,
        1.0,
        0.9838709677419355,
        0.9838709677419355,
        0.9838709677419355,
        0.967741935483871,
        0.9193548387096774,
        0.9032258064516129,
        0.9032258064516129,
        0.8870967741935484,
        0.8387096774193549,
        0.8064516129032258,
        0.8064516129032258,
        0.7903225806451613,
        0.7903225806451613,
        0.7903225806451613,
        0.7903225806451613,
        0.7903225806451613,
        0.7903225806451613,
        0.7903225806451613,
        0.7741935483870968,
        0.7741935483870968,
        0.7580645161290323,
        0.7419354838709677,
        0.7258064516129032,
        0.7096774193548387,
        0.7096774193548387,
        0.7096774193548387,
        0.6935483870967742,
        0.6774193548387096,
        0.6774193548387096,
        0.6774193548387096,
        0.6774193548387096,
        0.6774193548387096,
        0.6774193548387096,
        0.6290322580645161,
        0.6290322580645161,
        0.6129032258064516,
        0.6129032258064516,
        0.6129032258064516,
        0.6129032258064516,
        0.6129032258064516,
        0.6129032258064516,
        0.6129032258064516,
        0.5806451612903226,
        0.5645161290322581,
        0.5645161290322581,
        0.5645161290322581,
        0.532258064516129,
        0.5161290322580645,
        0.5161290322580645,
        0.4838709677419355,
        0.46774193548387094,
        0.46774193548387094,
        0.46774193548387094,
        0.45161290322580644,
        0.45161290322580644,
        0.45161290322580644,
        0.43548387096774194,
        0.43548387096774194,
        0.4032258064516129,
        0.3870967741935484,
        0.3709677419354839,
        0.3709677419354839,
        0.3709677419354839,
        0.3709677419354839,
        0.2903225806451613,
        0.24193548387096775,
        0.20967741935483872,
        0.16129032258064516,
        0.11290322580645161,
        0.0967741935483871,
        0.08064516129032258,
        0.06451612903225806,
        0.03225806451612903,
        0.03225806451612903,
        0.016129032258064516,
        0.016129032258064516,
        0.016129032258064516,
        0.016129032258064516,
        0.0,
        0.0,
        0.0,
        0.0,
        0.0,
        0.0,
        0.0,
        0.0,
        0.0,
        0.0,
        0.0,
        0.0,
        0.0,
        0.0,
        0.0,
        0.0,
        0.0,
        0.0,
        0.0,
        0.0
    ],
    "specificity": [
        0.0,
        0.0,
        0.0014710208884966167,
        0.02912621359223301,
        0.04677846425419241,
        0.06913798175934098,
        0.19358634892615476,
        0.3124448367166814,
        0.38070020594292436,
        0.44101206237128565,
        0.48749632244777874,
        0.5230950279493969,
        0.5566343042071198,
        0.5981170932627243,
        0.6293027360988526,
        0.6622536040011768,
        0.6931450426596057,
        0.7202118270079435,
        0.7440423654015887,
        0.7664018829067373,
        0.7811120917917035,
        0.7958223006766696,
        0.8084730803177406,
        0.8196528390703148,
        0.8296557811120918,
        0.8384819064430715,
        0.8490732568402471,
        0.8593704030597235,
        0.8664313033245072,
        0.8749632244777876,
        0.880847308031774,
        0.889967637540453,
        0.894380700205943,
        0.8987937628714328,
        0.9052662547808179,
        0.911738746690203,
        0.9149749926448956,
        0.9202706678434833,
        0.9243895263312739,
        0.9288025889967637,
        0.932627243306855,
        0.9367461017946455,
        0.9396881435716388,
        0.942630185348632,
        0.9452780229479258,
        0.9473374521918211,
        0.9502794939688144,
        0.9543983524566049,
        0.9561635775228008,
        0.9582230067666961,
        0.9599882318328921,
        0.9605766401882907,
        0.9629302736098853,
        0.9646954986760812,
        0.9661665195645778,
        0.9682259488084731,
        0.9696969696969697,
        0.9714621947631656,
        0.9729332156516622,
        0.9749926448955575,
        0.9761694616063548,
        0.9776404824948515,
        0.9802883200941453,
        0.981759340982642,
        0.9832303618711385,
        0.9841129744042365,
        0.9861724036481319,
        0.9879376287143278,
        0.9882318328920271,
        0.9894086496028244,
        0.9905854663136217,
        0.9920564872021183,
        0.9938217122683142,
        0.9952927331568108,
        0.9961753456899088,
        0.9964695498676082,
        0.9979405707561048,
        0.9982347749338041,
        0.9985289791115034,
        0.9997057958223007,
        1.0,
        1.0,
        1.0,
        1.0,
        1.0,
        1.0,
        1.0,
        1.0,
        1.0,
        1.0,
        1.0,
        1.0,
        1.0,
        1.0,
        1.0,
        1.0,
        1.0,
        1.0,
        1.0,
        1.0,
        1.0
    ],