{
    "thresholds": [
        0.01,
        0.019999999999999997,
        0.03,
        0.039999999999999994,
        0.049999999999999996,
        0.05999999999999999,
        0.06999999999999999,
        0.07999999999999999,
        0.08999999999999998,
        0.09999999999999998,
        0.10999999999999997,
        0.11999999999999998,
        0.12999999999999998,
        0.13999999999999999,
        0.15,
        0.15999999999999998,
        0.16999999999999998,
        0.18,
        0.18999999999999997,
        0.19999999999999998,
        0.20999999999999996,
        0.21999999999999997,
        0.22999999999999998,
        0.23999999999999996,
        0.24999999999999997,
        0.25999999999999995,
        0.26999999999999996,
        0.27999999999999997,
        0.29,
        0.3
    ],
    "net_benefit_model": [
        0.00922132941197066,
        0.007047359671771655,
        0.00450249245117833,
        0.0027260254188330463,
        0.0016418863449785652,
        0.0005623363693351546,
        -0.00027487374443264066,
        -0.000885389194484212,
        -0.002123526386957928,
        -0.0027922202965530475,
        -0.0035343602126458006,
        -0.004057034819599811,
        -0.004193310623717604,
        -0.004715650316391921,
        -0.00507187276990519,
        -0.005488157134604273,
        -0.00599799544799649,
        -0.006065857885615249,
        -0.006119348695894044,
        -0.006390814558058924,
        -0.007053068029747929,
        -0.007210149757810067,
        -0.007551374102500619,
        -0.008391863541001549,
        -0.009098786828422877,
        -0.009649163895264413,
        -0.010772536264571114,
        -0.011722511072597724,
        -0.012394122098274223,
        -0.01306016340678386
    ],
    "net_benefit_all": [
        0.008016905300668984,
        -0.0021053711758547977,
        -0.012436354383853303,
        -0.022982566408685103,
        -0.033750803949829156,
        -0.04474815292801881,
        -0.05598200403477171,
        -0.06746006929601922,
        -0.07919039972784361,
        -0.09118140416926407,
        -0.10344186938464908,
        -0.11598098153674738,
        -0.12880834914061803,
        -0.14193402761899732,
        -0.15536854559098554,
        -0.16912293303849724,
        -0.18320875150884058,
        -0.19763812652724108,
        -0.21242378241029342,
        -0.2275790796904221,
        -0.24311805538270587,
        -0.25905546634915083,
        -0.275406836041997,
        -0.2921885049372864,
        -0.3094176850031169,
        -0.3271125185842401,
        -0.34529214212648995,
        -0.36397675521158007,
        -0.38318769542582776,
        -0.40294751964619674
    ],
    "net_benefit_none": [
        0.0,
        0.0,
        0.0,
        0.0,
        0.0,
        0.0,
        0.0,
        0.0,
        0.0,
        0.0,
        0.0,
        0.0,
        0.0,
        0.0,
        0.0,
        0.0,
        0.0,
        0.0,
        0.0,
        0.0,
        0.0,
        0.0,
        0.0,
        0.0,
        0.0,
        0.0,
        0.0,
        0.0,
        0.0,
        0.0
    ]
}