{
    "thresholds": [
        0.0,
        0.01,
        0.02,
        0.03,
        0.04,
        0.05,
        0.06,
        0.07,
        0.08,
        0.09,
        0.1,
        0.11,
        0.12,
        0.13,
        0.14,
        0.15,
        0.16,
        0.17,
        0.18,
        0.19,
        0.2,
        0.21,
        0.22,
        0.23,
        0.24,
        0.25,
        0.26,
        0.27,
        0.28,
        0.29,
        0.3,
        0.31,
        0.32,
        0.33,
        0.34,
        0.35000000000000003,
        0.36,
        0.37,
        0.38,
        0.39,
        0.4,
        0.41000000000000003,
        0.42,
        0.43,
        0.44,
        0.45,
        0.46,
        0.47000000000000003,
        0.48,
        0.49,
        0.5,
        0.51,
        0.52,
        0.53,
        0.54,
        0.55,
        0.56,
        0.5700000000000001,
        0.58,
        0.59,
        0.6,
        0.61,
        0.62,
        0.63,
        0.64,
        0.65,
        0.66,
        0.67,
        0.68,
        0.6900000000000001,
        0.7000000000000001,
        0.71,
        0.72,
        0.73,
        0.74,
        0.75,
        0.76,
        0.77,
        0.78,
        0.79,
        0.8,
        0.81,
        0.8200000000000001,
        0.8300000000000001,
        0.84,
        0.85,
        0.86,
        0.87,
        0.88,
        0.89,
        0.9,
        0.91,
        0.92,
        0.93,
        0.9400000000000001,
        0.9500000000000001,
        0.96,
        0.97,
        0.98,
        0.99,
        1.0
    ],
    "sensitivity": [
        1.0,
        0.7903225806451613,
        0.7903225806451613,
        0.7741935483870968,
        0.7741935483870968,
        0.7580645161290323,
        0.7580645161290323,
        0.7580645161290323,
        0.7419354838709677,
        0.7419354838709677,
        0.7419354838709677,
        0.7419354838709677,
        0.7419354838709677,
        0.7258064516129032,
        0.7258064516129032,
        0.7258064516129032,
        0.7096774193548387,
        0.7096774193548387,
        0.7096774193548387,
        0.6935483870967742,
        0.6935483870967742,
        0.6935483870967742,
        0.6935483870967742,
        0.6935483870967742,
        0.6935483870967742,
        0.6774193548387096,
        0.6774193548387096,
        0.6774193548387096,
        0.6774193548387096,
        0.6774193548387096,
        0.6774193548387096,
        0.6774193548387096,
        0.6774193548387096,
        0.6774193548387096,
        0.6612903225806451,
        0.6612903225806451,
        0.6612903225806451,
        0.6612903225806451,
        0.6612903225806451,
        0.6612903225806451,
        0.6612903225806451,
        0.6612903225806451,
        0.6612903225806451,
        0.6290322580645161,
        0.6290322580645161,
        0.6290322580645161,
        0.6129032258064516,
        0.6129032258064516,
        0.6129032258064516,
        0.6129032258064516,
        0.6129032258064516,
        0.6129032258064516,
        0.6129032258064516,
        0.6129032258064516,
        0.6129032258064516,
        0.6129032258064516,
        0.6129032258064516,
        0.5967741935483871,
        0.5967741935483871,
        0.5967741935483871,
        0.5967741935483871,
        0.5967741935483871,
        0.5967741935483871,
        0.5967741935483871,
        0.5967741935483871,
        0.5967741935483871,
        0.5967741935483871,
        0.5967741935483871,
        0.5967741935483871,
        0.5967741935483871,
        0.5967741935483871,
        0.5967741935483871,
        0.5967741935483871,
        0.5645161290322581,
        0.5645161290322581,
        0.5645161290322581,
        0.5645161290322581,
        0.5645161290322581,
        0.5483870967741935,
        0.532258064516129,
        0.5,
        0.4838709677419355,
        0.4838709677419355,
        0.46774193548387094,
        0.45161290322580644,
        0.45161290322580644,
        0.41935483870967744,
        0.41935483870967744,
        0.41935483870967744,
        0.4032258064516129,
        0.4032258064516129,
        0.4032258064516129,
        0.4032258064516129,
        0.2903225806451613,
        0.25806451612903225,
        0.20967741935483872,
        0.1935483870967742,
        0.14516129032258066,
        0.12903225806451613,
        0.06451612903225806,
        0.016129032258064516
    ],
    "specificity": [
        0.0,
        0.5328037658134746,
        0.6054721977052074,
        0.6475433951162106,
        0.6819652839070315,
        0.7063842306560754,
        0.7240364813180347,
        0.7419829361576934,
        0.7558105325095617,
        0.7699323330391291,
        0.7787584583701088,
        0.7875845837010885,
        0.794351279788173,
        0.80435422182995,
        0.813474551338629,
        0.8223006766696087,
        0.8287731685789939,
        0.833480435422183,
        0.8381877022653722,
        0.8440717858193586,
        0.8490732568402471,
        0.8555457487496323,
        0.86084142394822,
        0.8629008531921153,
        0.8676081200353045,
        0.871726978523095,
        0.874374816122389,
        0.8781994704324801,
        0.881729920564872,
        0.8861429832303619,
        0.8890850250073551,
        0.8932038834951457,
        0.8961459252721389,
        0.8996763754045307,
        0.9020300088261254,
        0.9046778464254193,
        0.9067372756693145,
        0.9090909090909091,
        0.9114445425125037,
        0.9149749926448956,
        0.9179170344218888,
        0.9205648720211828,
        0.9240953221535746,
        0.9255663430420712,
        0.9270373639305678,
        0.9302736098852604,
        0.9329214474845543,
        0.9340982641953516,
        0.9352750809061489,
        0.9367461017946455,
        0.9388055310385407,
        0.9399823477493381,
        0.9411591644601354,
        0.9429243895263313,
        0.9435127978817299,
        0.9458664313033245,
        0.9467490438364224,
        0.9485142689026184,
        0.9502794939688144,
        0.9514563106796117,
        0.9532215357458076,
        0.9546925566343042,
        0.9561635775228008,
        0.9573403942335981,
        0.9579288025889967,
        0.9593998234774934,
        0.9599882318328921,
        0.96087084436599,
        0.9632244777875846,
        0.9638128861429832,
        0.9641070903206825,
        0.9646954986760812,
        0.9661665195645778,
        0.9676375404530745,
        0.9679317446307738,
        0.969991173874669,
        0.9711679905854663,
        0.971756398940865,
        0.9720506031185643,
        0.9729332156516622,
        0.9738158281847602,
        0.9744042365401588,
        0.9752868490732568,
        0.9758752574286554,
        0.9770520741394528,
        0.9785230950279494,
        0.9794057075610474,
        0.979994115916446,
        0.981759340982642,
        0.9838187702265372,
        0.9849955869373345,
        0.9858781994704324,
        0.9873492203589291,
        0.9879376287143278,
        0.9897028537805237,
        0.9905854663136217,
        0.9911738746690203,
        0.9923506913798176,
        0.9961753456899088,
        0.9982347749338041,
        0.9997057958223007
    ],