{
    "train_sizes": [
        1000,
        1500,
        2000,
        2500,
        3000,
        3500,
        4000,
        4500,
        5000,
        5500,
        6000,
        6500,
        7000,
        7500,
        8000
    ],
    "train_scores": [
        0.6802306277841086,
        0.6675750874361045,
        0.6936532170119956,
        0.665302621992615,
        0.6732423977334857,
        0.6796108651470055,
        0.6938227322085542,
        0.7123034502262443,
        0.7260384892817828,
        0.7107699642324539,
        0.7038542315945471,
        0.709917265329747,
        0.7338472673713883,
        0.7446471105528162,
        0.7543111788071389
    ],
    "train_cis": [
        [
            0.0704785073551264,
            0.0704785073551264
        ],
        [
            0.0705341755649529,
            0.0705341755649529
        ],
        [
            0.03884747805962063,
            0.03884747805962063
        ],
        [
            0.04610294432139905,
            0.04610294432139905
        ],
        [
            0.049013490454312136,
            0.049013490454312136
        ],
        [
            0.037116857263667424,
            0.037116857263667424
        ],
        [
            0.03466467118196448,
            0.03466467118196448
        ],
        [
            0.021961250898063334,
            0.021961250898063334
        ],
        [
            0.020212701729426907,
            0.020212701729426907
        ],
        [
            0.02141408554775992,
            0.02141408554775992
        ],
        [
            0.021642279492761762,
            0.021642279492761762
        ],
        [
            0.013098627729483447,
            0.013098627729483447
        ],
        [
            0.008300986604942828,
            0.008300986604942828
        ],
        [
            0.019764983816824677,
            0.019764983816824677
        ],
        [
            0.013882729152097983,
            0.013882729152097983
        ]
    ],
    "test_scores": [
        0.653515028139206,
        0.6655434710398694,
        0.6740863062190967,
        0.6557583349941634,
        0.663867930795585,
        0.6833665499340412,
        0.6780575880951704,
        0.683219922368059,
        0.6957876605073599,
        0.6931317560193225,
        0.698570737123822,
        0.7108841310062732,
        0.6947811975059077,
        0.7023275346638955,
        0.6948338695441734
    ],
    "n_resamples": 10,
    "cv": 5
}