{
    "thresholds": [
        0.01,
        0.02,
        0.03,
        0.04,
        0.05,
        0.060000000000000005,
        0.06999999999999999,
        0.08,
        0.09,
        0.09999999999999999,
        0.11,
        0.12,
        0.13,
        0.14,
        0.15000000000000002,
        0.16,
        0.17,
        0.18000000000000002,
        0.19,
        0.2,
        0.21000000000000002,
        0.22,
        0.23,
        0.24000000000000002,
        0.25,
        0.26,
        0.27,
        0.28,
        0.29000000000000004,
        0.3,
        0.31,
        0.32,
        0.33,
        0.34,
        0.35000000000000003,
        0.36000000000000004,
        0.37,
        0.38,
        0.39,
        0.4,
        0.41000000000000003,
        0.42000000000000004,
        0.43,
        0.44,
        0.45,
        0.46,
        0.47000000000000003,
        0.48000000000000004,
        0.49,
        0.5
    ],
    "treat_all": [
        0.22298339813614762,
        0.2150546573008022,
        0.20696243727297542,
        0.19870162932790225,
        0.190266909636617,
        0.18165272782424058,
        0.17285329479009265,
        0.16386256973346322,
        0.15467424632394083,
        0.1452817379497624,
        0.13567816197166985,
        0.1258563229031661,
        0.11580869443078867,
        0.10552740017998388,
        0.09500419312327779,
        0.08423043351760257,
        0.07319706524673031,
        0.06189459043266604,
        0.05031304216640267,
        0.0384419551934827,
        0.02627033437314702,
        0.013786620711264325,
        0.0009786547464755435,
        -0.012166362954228765,
        -0.025661914460285096,
        -0.03952221060164035,
        -0.05376224088385462,
        -0.06839782756279705,
        -0.0834456842890336,
        -0.09892347977887694,
        -0.11484990702204906,
        -0.13124475859590273,
        -0.14812900872419982,
        -0.16552490279577858,
        -0.1834560551464829,
        -0.20194755600814668,
        -0.22102608864319656,
        -0.240720057814861,
        -0.2610597308937932,
        -0.28207739307535645,
        -0.30380751838171843,
        -0.326286958353817,
        -0.3495551506056382,
        -0.37365434972359607,
        -0.39862988335493416,
        -0.424530436750396,
        -0.4514083695192714,
        -0.4793200689331036,
        -0.5083263447945368,
        -0.5384928716904276
    ],
    "treat_none": [
        0,
        0,
        0,
        0,
        0,
        0,
        0,
        0,
        0,
        0,
        0,
        0,
        0,
        0,
        0,
        0,
        0,
        0,
        0,
        0,
        0,
        0,
        0,
        0,
        0,
        0,
        0,
        0,
        0,
        0,
        0,
        0,
        0,
        0,
        0,
        0,
        0,
        0,
        0,
        0,
        0,
        0,
        0,
        0,
        0,
        0,
        0,
        0,
        0,
        0
    ],
    "models": {
        "XGBoost(\u542b DII)": [
            0.21206772408401736,
            0.20874239716253098,
            0.20601759506162473,
            0.20356132609187597,
            0.20171508200235824,
            0.20003899987000043,
            0.1986458766762295,
            0.19716933793795569,
            0.19606245756958587,
            0.19484800482763823,
            0.19375958259914414,
            0.19292723569709314,
            0.19187286872517578,
            0.19035507349342426,
            0.18872648855876362,
            0.18769275530986324,
            0.1866930041960101,
            0.18542711903697448,
            0.18448702153160176,
            0.18352002715546503,
            0.1830390059037356,
            0.1824255400630146,
            0.18149725359501329,
            0.18093043198627934,
            0.18058384249830278,
            0.17912148400946773,
            0.17841419524035376,
            0.17809081994418044,
            0.1769589703871566,
            0.1748617980797207,
            0.1738244930487913,
            0.17306816820414522,
            0.17240781834209806,
            0.172112160299533,
            0.17191498250561388,
            0.17130855397148675,
            0.17083697022597227,
            0.17051661082276678,
            0.1702347167039498,
            0.17078524553066304,
            0.1706019077864844,
            0.17043097595804949,
            0.16792558449756434,
            0.16683638832315004,
            0.16658026291427513,
            0.16493173417817003,
            0.16388323150033943,
            0.16259334691106586,
            0.16141527894253424,
            0.15940257976917854
        ],
        "XGBoost(\u65e0 DII)": [
            0.19799831306959614,
            0.19446361029136705,
            0.18075391409634592,
            0.1704712604661688,
            0.1668381748669025,
            0.16405367537663762,
            0.16077933264714686,
            0.157540069069335,
            0.15443477093171595,
            0.15100701516180132,
            0.1422008131383632,
            0.13975498364500402,
            0.13706174746978173,
            0.1324918296783972,
            0.12962341759514395,
            0.12529014321275014,
            0.1228956559435297,
            0.1208848707631679,
            0.11850091775414247,
            0.11449422946367956,
            0.11136318715787122,
            0.1085574529566383,
            0.1063065922536391,
            0.10430199735591525,
            0.10260239873274496,
            0.1002917377662795,
            0.09892773112369686,
            0.09706947273138719,
            0.09507855005115554,
            0.09380273494326448,
            0.09113118254179087,
            0.08870652130505971,
            0.08654588564306775,
            0.08491020181447878,
            0.08277716852054935,
            0.08078326544467071,
            0.07918727572495392,
            0.07664849002474651,
            0.07332865903197446,
            0.0721203892283322,
            0.07078601263419518,
            0.06877823817215627,
            0.0674753754719453,
            0.06631752497332945,
            0.06506202555082394,
            0.06247014156043347,
            0.06014551230321895,
            0.05784636273434643,
            0.049087496505730605,
            0.04351663272233537
        ]
    }
}