{
    "prob_pred": [
        0.014274228429800888,
        0.14015485743842188,
        0.24500258373289985,
        0.3441190794137306,
        0.4409122877867724,
        0.5540389691909834,
        0.6446571477902915,
        0.745767957718769,
        0.8576226721681661,
        0.9519456792775222
    ],
    "prob_true": [
        0.0044256452605810435,
        0.014683831360879303,
        0.0019957967166134797,
        0.008863661806553225,
        0.04345118430074073,
        0.004065526746292736,
        0.0,
        0.0830577974199212,
        0.07961952440664873,
        0.5796286334579438
    ]
}