{
    "train_sizes": [
        807,
        1615,
        2422,
        3230,
        4037,
        4845,
        5652,
        6460,
        7267,
        8075
    ],
    "train_scores": [
        0.6149430777804314,
        0.8183548598297719,
        0.6966323488045008,
        0.817213637773313,
        0.774819876541188,
        0.7712312932128708,
        0.7678663050529597,
        0.778593004534758,
        0.8324806558032589,
        0.822369335489219
    ],
    "test_scores": [
        0.6585784243942716,
        0.7082301246097049,
        0.7437054541658362,
        0.7365306684129108,
        0.7455893099488464,
        0.7642475490893905,
        0.746917973977166,
        0.7642380586320455,
        0.7805663904943578,
        0.7676214066755876
    ]
}