{
    "prob_pred": [
        0.0023746877225237087,
        0.14847335904981537,
        0.24021615017786435,
        0.33935759357148676,
        0.45922624231830284,
        0.5364322069850221,
        0.6442059692263595,
        0.7527506134977102,
        0.8405626864433947,
        0.9800456341573084
    ],
    "prob_true": [
        0.004218604339489528,
        0.00215116000399242,
        0.07115662580666833,
        0.04345686700071041,
        0.19202960343798559,
        0.0,
        0.17171840427741103,
        0.0,
        0.0,
        0.412493709214255
    ]
}