{"Isotonic": {"fraction_of_positives": [0.0017135023989033585, 0.004194128220491312, 0.16442048517520216], "mean_predicted_value": [0.001194812512547211, 0.004148023778186534, 0.2009458319708263], "brier_score": 0.006553855125625518}, "Histogram": {"fraction_of_positives": [0.0020380434782608695, 0.0018255313600208632, 0.004098360655737705, 0.12966878083157152], "mean_predicted_value": [0.00031114827098265984, 0.001373909793195858, 0.002782365306276734, 0.16673483536118783], "brier_score": 0.006561562093898276}, "Sigmoid": {"fraction_of_positives": [0.002772002772002772, 0.0006939625260235947, 0.002079002079002079, 0.002775850104094379, 0.0006934812760055479, 0.0013869625520110957, 0.0034674063800277394, 0.12829403606102635], "mean_predicted_value": [0.0008540314364705909, 0.0008553188025310253, 0.0008618883969783731, 0.0008861951041697815, 0.0009625101742630466, 0.0012151030843771332, 0.002576880096041322, 0.16470351119089133], "brier_score": 0.007271482234742485}, "Ensemble": {"fraction_of_positives": [0.0, 0.000693000693000693, 0.0013879250520471894, 0.0013869625520110957, 0.0020804438280166435, 0.0034674063800277394, 0.005547850208044383, 0.1276005547850208], "mean_predicted_value": [0.0011459154296374475, 0.0013022708811508486, 0.0013920785618492602, 0.0014760664287974139, 0.0017203083363347927, 0.0021999672808099635, 0.003853471123686101, 0.15014751185159542], "brier_score": 0.007381827806181295}, "Platt": {"fraction_of_positives": [0.0027739251040221915, 0.0006934812760055479, 0.002079002079002079, 0.002775850104094379, 0.0006934812760055479, 0.0013869625520110957, 0.0034674063800277394, 0.12829403606102635], "mean_predicted_value": [0.0019256359099822918, 0.0019279461292133005, 0.0019397281240744297, 0.001983142646620888, 0.002117765539175058, 0.002547363141553262, 0.004592826116986387, 0.12548253601298384], "brier_score": 0.008046367144863904}, "Adaptive": {"fraction_of_positives": [0.0, 0.0025974025974025974, 0.004340277777777778, 0.003248862897985705, 0.00649772579597141, 0.15657439446366783], "mean_predicted_value": [0.0, 0.000468447330822729, 0.001218091265509369, 0.0025511078194016238, 0.006448572827596536, 0.20374681600675826], "brier_score": 0.008759562629427039}, "Bayesian": {"fraction_of_positives": [0.0008670520231213873, 0.0017316017316017316, 0.0017331022530329288, 0.002168256721595837, 0.003469210754553339, 0.005199306759098787, 0.158578856152513], "mean_predicted_value": [0.00173110213452641, 0.0025929127052722067, 0.0025951557093426203, 0.0030303030303030112, 0.004329004329004343, 0.006055363321799247, 0.15917057390614653], "brier_score": 0.013053475045226314}}