{
    "platt": {
        "prob_true": [
            0.007432641684732115,
            0.012987012987012988,
            0.17777777777777778,
            0.09523809523809523,
            0.3508771929824561,
            0.45454545454545453
        ],
        "prob_pred": [
            0.008712660415087817,
            0.06920658132900605,
            0.12082542950878897,
            0.17429257993349972,
            0.22755172404606533,
            0.25504788526794026
        ],
        "brier": 0.013897864547548669,
        "auc": 0.8474643371316007
    },
    "isotonic": {
        "prob_true": [
            0.008108108108108109,
            0.15873015873015872,
            0.3392857142857143,
            0.375,
            0.75
        ],
        "prob_pred": [
            0.006505163113010471,
            0.12366287410259247,
            0.5819576382637024,
            0.6670931577682495,
            0.882637619972229
        ],
        "brier": 0.010930686616368002,
        "auc": 0.8797485969705443
    },
    "adaptive": {
        "prob_true": [
            0.0074487895716946,
            0.029411764705882353,
            0.0,
            0.0,
            0.20689655172413793,
            0.19230769230769232,
            0.047619047619047616,
            0.4482758620689655,
            0.2727272727272727
        ],
        "prob_pred": [
            0.005719686115528795,
            0.07742415647801126,
            0.12270618127803665,
            0.17543950674784584,
            0.22401124490124116,
            0.2769375559089544,
            0.325192707718099,
            0.37391003243056464,
            0.42818200260200184
        ],
        "brier": 0.012962955796880365,
        "auc": 0.9117100898912723
    },
    "histogram": {
        "prob_true": [
            0.007621951219512195,
            0.09090909090909091,
            0.23529411764705882,
            0.28888888888888886,
            0.3870967741935484
        ],
        "prob_pred": [
            0.0053358881363770125,
            0.07260955946350639,
            0.2871582806110382,
            0.3727666139602661,
            0.7634579539299011
        ],
        "brier": 0.010576837642609485,
        "auc": 0.8802805070308372
    },
    "bbq": {
        "prob_true": [
            0.008149713250830063,
            0.05660377358490566,
            0.21428571428571427,
            0.2857142857142857,
            0.3076923076923077,
            0.5
        ],
        "prob_pred": [
            0.005618730374270926,
            0.07534650881897728,
            0.19203275442123413,
            0.3669382333755493,
            0.4321032166481018,
            0.8320419192314148
        ],
        "brier": 0.00987794666790841,
        "auc": 0.8933741813275338
    },
    "sigmoid": {
        "prob_true": [
            0.007638252367858234,
            0.023809523809523808,
            0.18518518518518517,
            0.2,
            0.043478260869565216,
            0.48148148148148145,
            0.24390243902439024,
            0.6666666666666666
        ],
        "prob_pred": [
            0.002549795020200805,
            0.07431854289912042,
            0.1231519063865697,
            0.17814083456993102,
            0.22732682396536288,
            0.27373315338735227,
            0.32617362970259134,
            0.3505536417166392
        ],
        "brier": 0.013210515715237571,
        "auc": 0.8474662871889517
    },
    "kernel": {
        "prob_true": [
            0.007605719501064801,
            0.0,
            0.14285714285714285,
            0.23809523809523808,
            0.10810810810810811,
            0.352112676056338
        ],
        "prob_pred": [
            0.007583356595969092,
            0.07504218405248646,
            0.12281342473971989,
            0.17662496050563212,
            0.2276042601488472,
            0.27157566807798456
        ],
        "brier": 0.01338819810187068,
        "auc": 0.8474643371316007
    },
    "ensemble": {
        "prob_true": [
            0.0076034063260340635,
            0.05555555555555555,
            0.1,
            0.13157894736842105,
            0.3076923076923077,
            0.0,
            0.22857142857142856,
            0.5,
            0.7272727272727273,
            0.3333333333333333
        ],
        "prob_pred": [
            0.006486775270134092,
            0.07038395955330795,
            0.14073367416858673,
            0.16215542899934868,
            0.22226975972835833,
            0.28701672330498695,
            0.37862989221300397,
            0.42820060551166533,
            0.49802388928153296,
            0.5046173830827078
        ],
        "brier": 0.01109218126760682,
        "auc": 0.9090748328897549
    }
}