{
    "thresholds": [
        0.0,
        0.01,
        0.02,
        0.03,
        0.04,
        0.05,
        0.06,
        0.07,
        0.08,
        0.09,
        0.1,
        0.11,
        0.12,
        0.13,
        0.14,
        0.15,
        0.16,
        0.17,
        0.18,
        0.19,
        0.2,
        0.21,
        0.22,
        0.23,
        0.24,
        0.25,
        0.26,
        0.27,
        0.28,
        0.29,
        0.3,
        0.31,
        0.32,
        0.33,
        0.34,
        0.35000000000000003,
        0.36,
        0.37,
        0.38,
        0.39,
        0.4,
        0.41000000000000003,
        0.42,
        0.43,
        0.44,
        0.45,
        0.46,
        0.47000000000000003,
        0.48,
        0.49,
        0.5,
        0.51,
        0.52,
        0.53,
        0.54,
        0.55,
        0.56,
        0.5700000000000001,
        0.58,
        0.59,
        0.6,
        0.61,
        0.62,
        0.63,
        0.64,
        0.65,
        0.66,
        0.67,
        0.68,
        0.6900000000000001,
        0.7000000000000001,
        0.71,
        0.72,
        0.73,
        0.74,
        0.75,
        0.76,
        0.77,
        0.78,
        0.79,
        0.8,
        0.81,
        0.8200000000000001,
        0.8300000000000001,
        0.84,
        0.85,
        0.86,
        0.87,
        0.88,
        0.89,
        0.9,
        0.91,
        0.92,
        0.93,
        0.9400000000000001,
        0.9500000000000001,
        0.96,
        0.97,
        0.98,
        0.99,
        1.0
    ],
    "sensitivity": [
        1.0,
        0.7903225806451613,
        0.7903225806451613,
        0.7741935483870968,
        0.7580645161290323,
        0.7580645161290323,
        0.7580645161290323,
        0.7580645161290323,
        0.7580645161290323,
        0.7580645161290323,
        0.7580645161290323,
        0.7580645161290323,
        0.7580645161290323,
        0.7580645161290323,
        0.7419354838709677,
        0.7419354838709677,
        0.7419354838709677,
        0.7419354838709677,
        0.7419354838709677,
        0.7419354838709677,
        0.7419354838709677,
        0.7419354838709677,
        0.7419354838709677,
        0.7419354838709677,
        0.7419354838709677,
        0.7419354838709677,
        0.7419354838709677,
        0.7419354838709677,
        0.7096774193548387,
        0.7096774193548387,
        0.7096774193548387,
        0.7096774193548387,
        0.7096774193548387,
        0.6935483870967742,
        0.6935483870967742,
        0.6935483870967742,
        0.6935483870967742,
        0.6935483870967742,
        0.6935483870967742,
        0.6935483870967742,
        0.6935483870967742,
        0.6935483870967742,
        0.6935483870967742,
        0.6774193548387096,
        0.6774193548387096,
        0.6774193548387096,
        0.6612903225806451,
        0.6612903225806451,
        0.6612903225806451,
        0.6612903225806451,
        0.6612903225806451,
        0.6612903225806451,
        0.6612903225806451,
        0.6612903225806451,
        0.6612903225806451,
        0.6612903225806451,
        0.6612903225806451,
        0.6612903225806451,
        0.6612903225806451,
        0.6612903225806451,
        0.6612903225806451,
        0.6290322580645161,
        0.6290322580645161,
        0.6290322580645161,
        0.6290322580645161,
        0.6290322580645161,
        0.6129032258064516,
        0.6129032258064516,
        0.6129032258064516,
        0.6129032258064516,
        0.6129032258064516,
        0.6129032258064516,
        0.6129032258064516,
        0.6129032258064516,
        0.6129032258064516,
        0.6129032258064516,
        0.6129032258064516,
        0.6129032258064516,
        0.6129032258064516,
        0.6129032258064516,
        0.6129032258064516,
        0.6129032258064516,
        0.6129032258064516,
        0.6129032258064516,
        0.6129032258064516,
        0.6129032258064516,
        0.6129032258064516,
        0.6129032258064516,
        0.6129032258064516,
        0.6129032258064516,
        0.6129032258064516,
        0.6129032258064516,
        0.6129032258064516,
        0.6129032258064516,
        0.5967741935483871,
        0.5967741935483871,
        0.5967741935483871,
        0.5967741935483871,
        0.5967741935483871,
        0.5967741935483871,
        0.0
    ],
    "specificity": [
        0.0,
        0.8696675492791998,
        0.8846719623418653,
        0.8949691085613416,
        0.9023242130038247,
        0.9079140923801118,
        0.909973521624007,
        0.913503971756399,
        0.9173286260664901,
        0.9187996469549867,
        0.9211532803765814,
        0.922624301265078,
        0.9240953221535746,
        0.9252721388643719,
        0.9273315681082671,
        0.9279199764636658,
        0.9299794057075611,
        0.9311562224183584,
        0.9329214474845543,
        0.9332156516622536,
        0.9338040600176523,
        0.9349808767284495,
        0.9373345101500441,
        0.9382171226831421,
        0.9399823477493381,
        0.940864960282436,
        0.941747572815534,
        0.9429243895263313,
        0.9432185937040306,
        0.9435127978817299,
        0.9438070020594292,
        0.9446896145925272,
        0.9449838187702265,
        0.9458664313033245,
        0.9461606354810238,
        0.9467490438364224,
        0.9467490438364224,
        0.9467490438364224,
        0.9470432480141218,
        0.9473374521918211,
        0.9476316563695204,
        0.9485142689026184,
        0.9488084730803178,
        0.9488084730803178,
        0.9493968814357164,
        0.9496910856134158,
        0.9499852897911151,
        0.9511621065019124,
        0.9514563106796117,
        0.951750514857311,
        0.9535157399235069,
        0.9543983524566049,
        0.9546925566343042,
        0.9558693733451015,
        0.9564577817005001,
        0.9570461900558987,
        0.9570461900558987,
        0.9576345984112974,
        0.9576345984112974,
        0.9582230067666961,
        0.9591056192997941,
        0.9602824360105914,
        0.9611650485436893,
        0.9629302736098853,
        0.9629302736098853,
        0.9635186819652839,
        0.9644012944983819,
        0.9644012944983819,
        0.9646954986760812,
        0.9649897028537805,
        0.9655781112091791,
        0.9655781112091791,
        0.9658723153868785,
        0.9664607237422771,
        0.9670491320976757,
        0.9679317446307738,
        0.9679317446307738,
        0.9688143571638718,
        0.9694027655192704,
        0.9696969696969697,
        0.9702853780523684,
        0.9711679905854663,
        0.9714621947631656,
        0.9720506031185643,
        0.9732274198293616,
        0.9744042365401588,
        0.9764636657840541,
        0.9767578699617535,
        0.9767578699617535,
        0.9767578699617535,
        0.9779346866725508,
        0.9788172992056487,
        0.9788172992056487,
        0.979994115916446,
        0.981759340982642,
        0.9835245660488379,
        0.9838187702265372,
        0.9858781994704324,
        0.9876434245366285,
        0.989997057958223,
        1.0
    ],