{
    "train_sizes": [
        1000,
        1500,
        2000,
        2500,
        3000,
        3500,
        4000,
        4500,
        5000,
        5500,
        6000,
        6500,
        7000,
        7500,
        8000
    ],
    "train_scores": [
        0.5602092613695224,
        0.6515150466966448,
        0.6896401308615049,
        0.7170240480408877,
        0.7026165839570346,
        0.6663734789718593,
        0.7741550333752405,
        0.7473274886877828,
        0.7855010884895466,
        0.7529896691569606,
        0.7204536095922713,
        0.7098975179598923,
        0.7606674834390417,
        0.7638018544382853,
        0.7414521697586782
    ],
    "test_scores": [
        0.6438848238096594,
        0.6480084275261224,
        0.6750847023318053,
        0.6628752289572835,
        0.6822167810266777,
        0.6970788372291661,
        0.6899704846776566,
        0.7109728667824502,
        0.7042868395827995,
        0.6907297212652677,
        0.6821645835112795,
        0.7015488426387267,
        0.6467983942146172,
        0.6864969772893356,
        0.7030862967286394
    ]
}