{
    "train_sizes": [
        807,
        1615,
        2422,
        3230,
        4037,
        4845,
        5652,
        6460,
        7267,
        8075
    ],
    "train_scores": [
        0.821379625399726,
        0.8486075949367089,
        0.9084344904815229,
        0.9004055604107494,
        0.9045489006823351,
        0.9028801053878475,
        0.8772957540518427,
        0.8974751328368195,
        0.8970312798623941,
        0.9024950717462064
    ],
    "test_scores": [
        0.6793079558503925,
        0.7466474959428295,
        0.7682548947033758,
        0.7749954920327611,
        0.7770074689899307,
        0.7570846264081466,
        0.7607099811139899,
        0.7795770103161273,
        0.7722147880306351,
        0.787696096574894
    ]
}