{
    "thresholds": [
        0.01,
        0.03,
        0.05,
        0.06999999999999999,
        0.09,
        0.11,
        0.13,
        0.15000000000000002,
        0.17,
        0.19,
        0.21000000000000002,
        0.23,
        0.25,
        0.27,
        0.29000000000000004,
        0.31,
        0.33,
        0.35000000000000003,
        0.37,
        0.39,
        0.41000000000000003,
        0.43,
        0.45,
        0.47000000000000003,
        0.49,
        0.51,
        0.53,
        0.55,
        0.5700000000000001,
        0.59,
        0.61,
        0.63,
        0.65,
        0.67,
        0.6900000000000001,
        0.7100000000000001,
        0.73,
        0.75,
        0.77,
        0.79,
        0.81,
        0.8300000000000001,
        0.85,
        0.87,
        0.89,
        0.91,
        0.93,
        0.9500000000000001,
        0.97,
        0.99
    ],
    "net_benefits_model": [
        0.21206772408401736,
        0.20601759506162473,
        0.20171508200235824,
        0.1986458766762295,
        0.19606245756958587,
        0.19375958259914414,
        0.19187286872517578,
        0.18872648855876362,
        0.1866930041960101,
        0.18448702153160176,
        0.1830390059037356,
        0.18149725359501329,
        0.18058384249830278,
        0.17841419524035376,
        0.1769589703871566,
        0.1738244930487913,
        0.17240781834209806,
        0.17191498250561388,
        0.17083697022597227,
        0.1702347167039498,
        0.1706019077864844,
        0.16792558449756434,
        0.16658026291427513,
        0.16388323150033943,
        0.16141527894253424,
        0.15885254305388144,
        0.15726192023804364,
        0.15490684166855245,
        0.15340943178768215,
        0.15304257115890915,
        0.15302278622034224,
        0.15040457973248197,
        0.14542721365531955,
        0.14253944742743113,
        0.13984845498543677,
        0.13673947140482712,
        0.13014759498126777,
        0.1292600135777325,
        0.12794061217863573,
        0.11832347331328999,
        0.10530246185729086,
        0.09754003434367636,
        0.08753111563702196,
        0.0831792782912946,
        0.076714188730482,
        0.06767745342083425,
        0.04866647269905922,
        0.015410726408689651,
        -0.030278343516632646,
        -0.05919891378139844
    ],
    "net_benefits_all": [
        0.22298339813614762,
        0.20696243727297542,
        0.190266909636617,
        0.17285329479009265,
        0.15467424632394083,
        0.13567816197166985,
        0.11580869443078867,
        0.09500419312327779,
        0.07319706524673031,
        0.05031304216640267,
        0.02627033437314702,
        0.0009786547464755435,
        -0.025661914460285096,
        -0.05376224088385462,
        -0.0834456842890336,
        -0.11484990702204906,
        -0.14812900872419982,
        -0.1834560551464829,
        -0.22102608864319656,
        -0.2610597308937932,
        -0.30380751838171843,
        -0.3495551506056382,
        -0.39862988335493416,
        -0.4514083695192714,
        -0.5083263447945368,
        -0.5698906853983956,
        -0.6366945443515188,
        -0.7094365241004754,
        -0.7889451996400323,
        -0.8762108191346676,
        -0.9724267585774713,
        -1.0790444212032804,
        -1.1978469595577539,
        -1.3310498055915572,
        -1.4814401156297226,
        -1.6525739167076345,
        -1.8490608735007916,
        -2.076985743380855,
        -2.3445497210661475,
        -2.6630782659295904,
        -3.048665451816916,
        -3.5249790343836125,
        -4.128309572301425,
        -4.917280275732414,
        -5.9931494167746715,
        -7.547182620502378,
        -9.989234797788775,
        -14.384928716904296,
        -24.641547861507107,
        -75.92464358452132
    ],
    "net_benefits_none": [
        0,
        0,
        0,
        0,
        0,
        0,
        0,
        0,
        0,
        0,
        0,
        0,
        0,
        0,
        0,
        0,
        0,
        0,
        0,
        0,
        0,
        0,
        0,
        0,
        0,
        0,
        0,
        0,
        0,
        0,
        0,
        0,
        0,
        0,
        0,
        0,
        0,
        0,
        0,
        0,
        0,
        0,
        0,
        0,
        0,
        0,
        0,
        0,
        0,
        0
    ],
    "model_name": "XGBoost",
    "prevalence": 0.23075356415478615
}