{
    "best_params": {
        "C": 0.8604822844358474,
        "kernel": "rbf",
        "gamma": "auto",
        "class_weight": "balanced",
        "max_iter": 5000,
        "tol": 0.001
    },
    "best_score": 0.3360442770090607,
    "validation_metrics": {
        "AUC-ROC": 0.8268936289986432,
        "Precision": 0.059906987627785215,
        "Recall": 0.7375,
        "F1 Score": 0.11079623359103655,
        "AUC-PR": 0.08771126600108185,
        "ECE": 0.0675890818332958,
        "Brier Score": 0.016773024709723812
    },
    "test_metrics": {
        "AUC-ROC": 0.7628433408286442,
        "Precision": 0.045372050816696916,
        "Recall": 0.6097560975609756,
        "F1 Score": 0.08445945945945946,
        "AUC-PR": 0.06991588464431892,
        "ECE": 0.00288728710325817,
        "Brier Score": 0.016992083417437822
    }
}