{
    "count": 11536,
    "mean": 0.9891112845906406,
    "std": 1.9189310657406868,
    "min": -5.37116460777507,
    "25%": -0.37456432022618374,
    "median": 1.2071781826590733,
    "75%": 2.5385207989257084,
    "max": 5.1378367873844875,
    "mode": -4.40268758056326,
    "skewness": -0.42739302005812313,
    "kurtosis": -0.5831307322102695,
    "shapiro_test": {
        "statistic": 0.9718868738229394,
        "p_value": 1.7750624351708717e-42
    },
    "ks_test": {
        "statistic": 0.05921229012955076,
        "p_value": 1.3362844041494697e-35
    }
}