{
    "Accuracy": 0.9231104418306634,
    "Sensitivity": 0.6501334779773061,
    "Specificity": 0.9279854222489958,
    "Precision": 0.13883951330695635,
    "NPV": 0.9933120378128666,
    "F1 Score": 0.2288144630147582,
    "Youden's Index": 0.5781189002263019,
    "Cohen's Kappa": 0.20585130297406906,
    "AUC-ROC": 0.8440625384367508,
    "AUC-PR": 0.20874239187227017,
    "Log Loss": 0.1881755340126676,
    "Brier": 0.05487003025076921,
    "ECE": 0.10664298909546709,
    "MCE": 0.6810108980341516
}