{
    "Accuracy": 0.906833431547263,
    "Sensitivity": 0.5471217298647791,
    "Specificity": 0.9134033279647542,
    "Precision": 0.10345656462136127,
    "NPV": 0.9910255528896508,
    "F1 Score": 0.17400929321263217,
    "Youden's Index": 0.46052505782953324,
    "Cohen's Kappa": 0.14831499178886465,
    "AUC-ROC": 0.7873467788142754,
    "AUC-PR": 0.1774324025123645,
    "Log Loss": 0.2162574252449594,
    "Brier": 0.06452947877994311,
    "ECE": 0.11608486698814777,
    "MCE": 0.7371089563933119
}