{
    "Accuracy": 0.9331924133968843,
    "Sensitivity": 0.4709193302652702,
    "Specificity": 0.941635525640839,
    "Precision": 0.12843971361340453,
    "NPV": 0.9898419841411141,
    "F1 Score": 0.20183142152279326,
    "Youden's Index": 0.4125548559061092,
    "Cohen's Kappa": 0.17868177673466168,
    "AUC-ROC": 0.8085799841961092,
    "AUC-PR": 0.11482306068821116,
    "Log Loss": 0.27796343603641505,
    "Brier": 0.04859613535420901,
    "ECE": 0.05525877335794192,
    "MCE": 0.8332986626297494
}