{
    "Accuracy": 0.8196774365010698,
    "Sensitivity": 0.38938773731758064,
    "Specificity": 0.8275363933821678,
    "Precision": 0.0396040047055546,
    "NPV": 0.986702542127036,
    "F1 Score": 0.0718956206862325,
    "Youden's Index": 0.21692413069974847,
    "Cohen's Kappa": 0.040657831430472635,
    "AUC-ROC": 0.7035316008312664,
    "AUC-PR": 0.03403885007516394,
    "Log Loss": 0.3592389206802411,
    "Brier": 0.07092760003820706,
    "ECE": 0.07615540282254152,
    "MCE": 0.9277579627511424
}