{
    "Accuracy": 0.9480691000655385,
    "Sensitivity": 0.6351209205632271,
    "Specificity": 0.9536579095588043,
    "Precision": 0.19662763765547636,
    "NPV": 0.9932135002259711,
    "F1 Score": 0.3002886509436707,
    "Youden's Index": 0.5887788301220314,
    "Cohen's Kappa": 0.28102367902832914,
    "AUC-ROC": 0.8392909595162912,
    "AUC-PR": 0.27288268298267526,
    "Log Loss": 0.17277006004180032,
    "Brier": 0.04561557316491245,
    "ECE": 0.10784570749490396,
    "MCE": 0.6723737118142734
}