{
    "Accuracy": 0.9822645856028809,
    "Sensitivity": 0.14030921592506093,
    "Specificity": 0.9973007112977006,
    "Precision": 0.4814058426132702,
    "NPV": 0.9848389859191605,
    "F1 Score": 0.2172882107041542,
    "Youden's Index": 0.13760992722276155,
    "Cohen's Kappa": 0.21104023839233532,
    "AUC-ROC": 0.6936504921666257,
    "AUC-PR": 0.19341890598731634,
    "Log Loss": 0.14878818114212894,
    "Brier": 0.016745303952117506,
    "ECE": 0.01752348264278863,
    "MCE": 0.7471062049347447
}