{
    "Accuracy": 0.7991446063175418,
    "Sensitivity": 0.4584167177876499,
    "Specificity": 0.8052295219130395,
    "Precision": 0.040336941996092716,
    "NPV": 0.9881311935702611,
    "F1 Score": 0.07414934484273182,
    "Youden's Index": 0.26364623970068957,
    "Cohen's Kappa": 0.04329312810411201,
    "AUC-ROC": 0.708515176362236,
    "AUC-PR": 0.03712222793077081,
    "Log Loss": 0.45191466790124385,
    "Brier": 0.14418010842174633,
    "ECE": 0.29148697906524074,
    "MCE": 0.8311689541817495
}