{
    "Accuracy": 0.7198588073515655,
    "Sensitivity": 0.4891538861655735,
    "Specificity": 0.7239788691960468,
    "Precision": 0.030677389276025462,
    "NPV": 0.9875556375321106,
    "F1 Score": 0.05773397981502484,
    "Youden's Index": 0.21313275536162024,
    "Cohen's Kappa": 0.025558249168364022,
    "AUC-ROC": 0.7566182346933068,
    "AUC-PR": 0.04607583599105696,
    "Log Loss": 0.5400469751129547,
    "Brier": 0.1803704371437232,
    "ECE": 0.345793721344944,
    "MCE": 0.8077863355439272
}