{
    "Accuracy": 0.7124842563665694,
    "Sensitivity": 0.4891538861655735,
    "Specificity": 0.7164726192166069,
    "Precision": 0.029889495586478756,
    "NPV": 0.9874269012292032,
    "F1 Score": 0.05633657391912996,
    "Youden's Index": 0.2056265053821804,
    "Cohen's Kappa": 0.024062538573827896,
    "AUC-ROC": 0.755374777428133,
    "AUC-PR": 0.045930841940473865,
    "Log Loss": 0.5522896246171373,
    "Brier": 0.1852306838249369,
    "ECE": 0.35191102346835096,
    "MCE": 0.8114728087149354
}