{
    "Accuracy": 0.9824547550634889,
    "Sensitivity": 0.0,
    "Specificity": 1.0,
    "Precision": 0.0,
    "NPV": 0.9824547550634889,
    "F1 Score": 0.0,
    "Youden's Index": 0.0,
    "Cohen's Kappa": 0.0,
    "AUC-ROC": 0.8032905457781416,
    "AUC-PR": 0.10214330550464362,
    "Log Loss": 0.07619755406937326,
    "Brier": 0.01680665573113329,
    "ECE": 0.00031331844882613076,
    "MCE": 0.0003507956789986569
}