{
    "Accuracy": 0.3538283601613652,
    "Sensitivity": 0.89142438332225,
    "Specificity": 0.344227659615474,
    "Precision": 0.023700705106998364,
    "NPV": 0.9943986341896711,
    "F1 Score": 0.04617376728371042,
    "Youden's Index": 0.23565204293772402,
    "Cohen's Kappa": 0.012416498266683451,
    "AUC-ROC": 0.7497818104183063,
    "AUC-PR": 0.13787490017353818,
    "Log Loss": 11.812327965976767,
    "Brier": 0.626193702378171,
    "ECE": 0.6417791123056954,
    "MCE": 0.9710593062766564
}