{
    "Accuracy": 0.7908693888603995,
    "Sensitivity": 0.6949063204129469,
    "Specificity": 0.7926220908621844,
    "Precision": 0.05767260191321973,
    "NPV": 0.9930188257683523,
    "F1 Score": 0.10650592089473075,
    "Youden's Index": 0.48752841127513125,
    "Cohen's Kappa": 0.07589554282001088,
    "AUC-ROC": 0.8000827720931739,
    "AUC-PR": 0.06499972862256041,
    "Log Loss": 0.4726022714589743,
    "Brier": 0.15165678598090743,
    "ECE": 0.30619343848886627,
    "MCE": 0.7628121051211356
}