{
    "Accuracy": 0.8970068353046434,
    "Sensitivity": 0.5466063193754113,
    "Specificity": 0.9034066690701922,
    "Precision": 0.0936733813896879,
    "NPV": 0.9909169151987414,
    "F1 Score": 0.159937796446404,
    "Youden's Index": 0.45001298844560345,
    "Cohen's Kappa": 0.13339797275876475,
    "AUC-ROC": 0.8050151658812297,
    "AUC-PR": 0.06911172249664109,
    "Log Loss": 0.24728153568619912,
    "Brier": 0.07547473856454193,
    "ECE": 0.13453419236397232,
    "MCE": 0.8593547460670709
}