{
    "Accuracy": 0.9257290163373406,
    "Sensitivity": 0.5000084249736536,
    "Specificity": 0.9051610057344508,
    "Precision": 0.1207535204514114,
    "NPV": 0.987487969201155,
    "F1 Score": 0.19452796040707868,
    "Youden's Index": 0.4051694307081044,
    "Cohen's Kappa": 0.17056116208323546,
    "AUC-ROC": 0.7762684936190305,
    "AUC-PR": 0.12353940695936245,
    "Log Loss": 0.21652574181199716,
    "Brier": 0.06135709659408506,
    "ECE": 0.12374040947920718,
    "MCE": 0.7793864426877622
}