{
    "Accuracy": 0.7988713535880749,
    "Sensitivity": 0.7348119856464491,
    "Specificity": 0.8000153628111164,
    "Precision": 0.061577876915254355,
    "NPV": 0.9941150996746719,
    "F1 Score": 0.11363319433133771,
    "Youden's Index": 0.5348273484575654,
    "Cohen's Kappa": 0.08397481935891082,
    "AUC-ROC": 0.8134786244908143,
    "AUC-PR": 0.058254790553088576,
    "Log Loss": 0.467374788714239,
    "Brier": 0.14908930189713934,
    "ECE": 0.3057433518961539,
    "MCE": 0.7643728767508493
}