{
  "Accuracy": 0.7681346589688337,
  "Sensitivity": 0.5035999918141058,
  "Specificity": 0.7729662097744181,
  "Precision": 0.03893601271689079,
  "NPV": 0.9884065988472326,
  "F1 Score": 0.07228340800146785,
  "Youden's Index": 0.27656620158852396,
  "Cohen's Kappa": 0.04032731312059674,
  "AUC-ROC": 0.7633562018946387,
  "AUC-PR": 0.06457618466971293,
  "Log Loss": 0.08496490185672324,
  "Brier": 0.0173472159676857,
  "ECE": 0.00020953532456027626,
  "MCE": 0.010302740433613622
}
