{
    "Accuracy": 0.5577133822973065,
    "Sensitivity": 0.536502794108619,
    "Specificity": 0.558092173242233,
    "Precision": 0.021221285455792306,
    "NPV": 0.985385159427203,
    "F1 Score": 0.04082763989857206,
    "Youden's Index": 0.09459496735085215,
    "Cohen's Kappa": 0.007319404608982949,
    "AUC-ROC": 0.5767433319829725,
    "AUC-PR": 0.02086823929301826,
    "Log Loss": 0.21861646734941878,
    "Brier": 0.04494638126538417,
    "ECE": 0.15264923520061963,
    "MCE": 0.6040966043314454
}