{
    "Accuracy": 0.8616506058601754,
    "Sensitivity": 0.3436769738577878,
    "Specificity": 0.8709008784017832,
    "Precision": 0.045383996354109585,
    "NPV": 0.9867202520844074,
    "F1 Score": 0.08017989838486395,
    "Youden's Index": 0.21457785225957093,
    "Cohen's Kappa": 0.05075601048964762,
    "AUC-ROC": 0.6819690905603555,
    "AUC-PR": 0.051676343358875755,
    "Log Loss": 0.08660292112394599,
    "Brier": 0.017243218376902306,
    "ECE": 0.006600492838487091,
    "MCE": 0.5611485841740611
}