{
    "Accuracy": 0.980414085387795,
    "Sensitivity": 0.6165391138549277,
    "Specificity": 0.9869123749720288,
    "Precision": 0.4569030348453855,
    "NPV": 0.9931089366352686,
    "F1 Score": 0.5248509993058724,
    "Youden's Index": 0.6034514888269564,
    "Cohen's Kappa": 0.5150776453771471,
    "AUC-ROC": 0.8878764870725563,
    "AUC-PR": 0.32714983221936506,
    "Log Loss": 0.17109069288039314,
    "Brier": 0.03684599540469711,
    "ECE": 0.12471498541167456,
    "MCE": 0.48455207959742724
}