{
    "Accuracy": 0.9560751620810284,
    "Sensitivity": 0.6868910650525943,
    "Specificity": 0.9608824072910859,
    "Precision": 0.23872763175970196,
    "NPV": 0.9942143504638193,
    "F1 Score": 0.35431409888678655,
    "Youden's Index": 0.6477734723436801,
    "Cohen's Kappa": 0.33705073302529054,
    "AUC-ROC": 0.8474643371316007,
    "AUC-PR": 0.37064308986578043,
    "Log Loss": 0.15144286842502697,
    "Brier": 0.03811260762407443,
    "ECE": 0.06831442424010814,
    "MCE": 0.7780031477615174
}