{
    "Accuracy": 0.9628527191844162,
    "Sensitivity": 0.6856215278225094,
    "Specificity": 0.9678036740568073,
    "Precision": 0.2755192084158668,
    "NPV": 0.9942323315024331,
    "F1 Score": 0.3930785440597218,
    "Youden's Index": 0.6534252018793167,
    "Cohen's Kappa": 0.37749634316508607,
    "AUC-ROC": 0.8871158403840022,
    "AUC-PR": 0.6369279404468416,
    "Log Loss": 0.13172900715808034,
    "Brier": 0.029414382441299364,
    "ECE": 0.032761651268803496,
    "MCE": 0.8405626864433947
}