{
    "Accuracy": 0.8983663192114937,
    "Sensitivity": 0.3904188728744229,
    "Specificity": 0.9076436435030162,
    "Precision": 0.07167504795044444,
    "NPV": 0.9878821592474487,
    "F1 Score": 0.12111516803372249,
    "Youden's Index": 0.2980625163774391,
    "Cohen's Kappa": 0.09364428345283571,
    "AUC-ROC": 0.8061812404331443,
    "AUC-PR": 0.09818373690188412,
    "Log Loss": 0.37472177473456825,
    "Brier": 0.10440457032726341,
    "ECE": 0.277066160856446,
    "MCE": 0.5733202334782411
}