{
    "Accuracy": 0.9645308600432582,
    "Sensitivity": 0.5732632849108402,
    "Specificity": 0.9716771036269936,
    "Precision": 0.26989994778293663,
    "NPV": 0.9920425794720914,
    "F1 Score": 0.367007774209964,
    "Youden's Index": 0.5449403885378339,
    "Cohen's Kappa": 0.3511829781966418,
    "AUC-ROC": 0.8301822507094256,
    "AUC-PR": 0.3090934443227844,
    "Log Loss": 0.10124782764984358,
    "Brier": 0.025992664601533443,
    "ECE": 0.039696298131686264,
    "MCE": 0.7283943045549555
}